path,required_column_matches,expanded42_bonus,total_score,missing_required_columns,columns
outputs/paper_dataset_split_audit_stage1/artifacts/outputs/paper_evidence_archive_v1/09_SIMULATOR_VALIDATION_GALLERY/files/project_outputs/simulated_dataset_highrate_truth_rich221_v1/conversion_reports/conversion_report_all_subjects.csv,6,2,8,,status | subject_id | subject_folder | task_id | trial_id | age | height_token | sex | weight_token | input_csv | source_type | output_csv | rows | source_sampling_hz | fall_onset_time_s | fall_impact_time_s | fall_onset_frame | fall_impact_frame | fall_impact_frame_secondary | onset_frame_time_s | impact_frame_time_s | onset_alignment_error_s | impact_alignment_error_s | impact_validation_status | primary_onset_analysis | secondary_impact_analysis | physical_overlap_role | final_onset_source | final_impact_source | acquisition_variant | truth_only_rich221_subset | paired_legacy_truth_dataset
outputs/paper_dataset_split_audit_stage1/artifacts/outputs/paper_evidence_archive_v1/09_SIMULATOR_VALIDATION_GALLERY/files/project_outputs/simulated_dataset_highrate_truth_v1/conversion_reports/conversion_report_all_subjects.before_output_path_fix.csv,6,2,8,,status | subject_id | subject_folder | task_id | trial_id | age | height_token | sex | weight_token | input_csv | source_type | output_csv | rows | source_sampling_hz | fall_onset_time_s | fall_impact_time_s | fall_onset_frame | fall_impact_frame | fall_impact_frame_secondary | onset_frame_time_s | impact_frame_time_s | onset_alignment_error_s | impact_alignment_error_s | impact_validation_status | primary_onset_analysis | secondary_impact_analysis | physical_overlap_role | final_onset_source | final_impact_source
outputs/paper_dataset_split_audit_stage1/artifacts/outputs/paper_evidence_archive_v1/09_SIMULATOR_VALIDATION_GALLERY/files/project_outputs/simulated_dataset_highrate_truth_v1/conversion_reports/conversion_report_all_subjects.csv,6,2,8,,status | subject_id | subject_folder | task_id | trial_id | age | height_token | sex | weight_token | input_csv | source_type | output_csv | rows | source_sampling_hz | fall_onset_time_s | fall_impact_time_s | fall_onset_frame | fall_impact_frame | fall_impact_frame_secondary | onset_frame_time_s | impact_frame_time_s | onset_alignment_error_s | impact_alignment_error_s | impact_validation_status | primary_onset_analysis | secondary_impact_analysis | physical_overlap_role | final_onset_source | final_impact_source
outputs/paper_dataset_split_audit_stage1/artifacts/outputs/simulated_dataset_highrate_truth_rich221_v1/conversion_reports/conversion_report_all_subjects.csv,6,2,8,,status | subject_id | subject_folder | task_id | trial_id | age | height_token | sex | weight_token | input_csv | source_type | output_csv | rows | source_sampling_hz | fall_onset_time_s | fall_impact_time_s | fall_onset_frame | fall_impact_frame | fall_impact_frame_secondary | onset_frame_time_s | impact_frame_time_s | onset_alignment_error_s | impact_alignment_error_s | impact_validation_status | primary_onset_analysis | secondary_impact_analysis | physical_overlap_role | final_onset_source | final_impact_source | acquisition_variant | truth_only_rich221_subset | paired_legacy_truth_dataset
outputs/paper_dataset_split_audit_stage1/artifacts/outputs/simulated_dataset_highrate_truth_v1/conversion_reports/conversion_report_all_subjects.before_output_path_fix.csv,6,2,8,,status | subject_id | subject_folder | task_id | trial_id | age | height_token | sex | weight_token | input_csv | source_type | output_csv | rows | source_sampling_hz | fall_onset_time_s | fall_impact_time_s | fall_onset_frame | fall_impact_frame | fall_impact_frame_secondary | onset_frame_time_s | impact_frame_time_s | onset_alignment_error_s | impact_alignment_error_s | impact_validation_status | primary_onset_analysis | secondary_impact_analysis | physical_overlap_role | final_onset_source | final_impact_source
outputs/paper_dataset_split_audit_stage1/artifacts/outputs/simulated_dataset_highrate_truth_v1/conversion_reports/conversion_report_all_subjects.csv,6,2,8,,status | subject_id | subject_folder | task_id | trial_id | age | height_token | sex | weight_token | input_csv | source_type | output_csv | rows | source_sampling_hz | fall_onset_time_s | fall_impact_time_s | fall_onset_frame | fall_impact_frame | fall_impact_frame_secondary | onset_frame_time_s | impact_frame_time_s | onset_alignment_error_s | impact_alignment_error_s | impact_validation_status | primary_onset_analysis | secondary_impact_analysis | physical_overlap_role | final_onset_source | final_impact_source
outputs/paper_evidence_archive_v1/09_SIMULATOR_VALIDATION_GALLERY/files/project_outputs/simulated_dataset_highrate_truth_rich221_v1/conversion_reports/conversion_report_all_subjects.csv,6,2,8,,status | subject_id | subject_folder | task_id | trial_id | age | height_token | sex | weight_token | input_csv | source_type | output_csv | rows | source_sampling_hz | fall_onset_time_s | fall_impact_time_s | fall_onset_frame | fall_impact_frame | fall_impact_frame_secondary | onset_frame_time_s | impact_frame_time_s | onset_alignment_error_s | impact_alignment_error_s | impact_validation_status | primary_onset_analysis | secondary_impact_analysis | physical_overlap_role | final_onset_source | final_impact_source | acquisition_variant | truth_only_rich221_subset | paired_legacy_truth_dataset
outputs/paper_evidence_archive_v1/09_SIMULATOR_VALIDATION_GALLERY/files/project_outputs/simulated_dataset_highrate_truth_v1/conversion_reports/conversion_report_all_subjects.before_output_path_fix.csv,6,2,8,,status | subject_id | subject_folder | task_id | trial_id | age | height_token | sex | weight_token | input_csv | source_type | output_csv | rows | source_sampling_hz | fall_onset_time_s | fall_impact_time_s | fall_onset_frame | fall_impact_frame | fall_impact_frame_secondary | onset_frame_time_s | impact_frame_time_s | onset_alignment_error_s | impact_alignment_error_s | impact_validation_status | primary_onset_analysis | secondary_impact_analysis | physical_overlap_role | final_onset_source | final_impact_source
outputs/paper_evidence_archive_v1/09_SIMULATOR_VALIDATION_GALLERY/files/project_outputs/simulated_dataset_highrate_truth_v1/conversion_reports/conversion_report_all_subjects.csv,6,2,8,,status | subject_id | subject_folder | task_id | trial_id | age | height_token | sex | weight_token | input_csv | source_type | output_csv | rows | source_sampling_hz | fall_onset_time_s | fall_impact_time_s | fall_onset_frame | fall_impact_frame | fall_impact_frame_secondary | onset_frame_time_s | impact_frame_time_s | onset_alignment_error_s | impact_alignment_error_s | impact_validation_status | primary_onset_analysis | secondary_impact_analysis | physical_overlap_role | final_onset_source | final_impact_source
outputs/simulated_dataset_highrate_truth_rich221_v1/conversion_reports/conversion_report_all_subjects.csv,6,2,8,,status | subject_id | subject_folder | task_id | trial_id | age | height_token | sex | weight_token | input_csv | source_type | output_csv | rows | source_sampling_hz | fall_onset_time_s | fall_impact_time_s | fall_onset_frame | fall_impact_frame | fall_impact_frame_secondary | onset_frame_time_s | impact_frame_time_s | onset_alignment_error_s | impact_alignment_error_s | impact_validation_status | primary_onset_analysis | secondary_impact_analysis | physical_overlap_role | final_onset_source | final_impact_source | acquisition_variant | truth_only_rich221_subset | paired_legacy_truth_dataset
outputs/simulated_dataset_highrate_truth_v1/conversion_reports/conversion_report_all_subjects.before_output_path_fix.csv,6,2,8,,status | subject_id | subject_folder | task_id | trial_id | age | height_token | sex | weight_token | input_csv | source_type | output_csv | rows | source_sampling_hz | fall_onset_time_s | fall_impact_time_s | fall_onset_frame | fall_impact_frame | fall_impact_frame_secondary | onset_frame_time_s | impact_frame_time_s | onset_alignment_error_s | impact_alignment_error_s | impact_validation_status | primary_onset_analysis | secondary_impact_analysis | physical_overlap_role | final_onset_source | final_impact_source
outputs/simulated_dataset_highrate_truth_v1/conversion_reports/conversion_report_all_subjects.csv,6,2,8,,status | subject_id | subject_folder | task_id | trial_id | age | height_token | sex | weight_token | input_csv | source_type | output_csv | rows | source_sampling_hz | fall_onset_time_s | fall_impact_time_s | fall_onset_frame | fall_impact_frame | fall_impact_frame_secondary | onset_frame_time_s | impact_frame_time_s | onset_alignment_error_s | impact_alignment_error_s | impact_validation_status | primary_onset_analysis | secondary_impact_analysis | physical_overlap_role | final_onset_source | final_impact_source
outputs/paper_dataset_split_audit_stage1/artifacts/outputs/paper_evidence_archive_v1/09_SIMULATOR_VALIDATION_GALLERY/files/project_outputs/simulated_dataset_all_subjects/conversion_reports/conversion_report_all_subjects.csv,6,0,6,,status | subject_id | subject_folder | task_id | trial_id | age | height_token | sex | weight_token | timestamp | input_folder | input_csv | metadata_json | output_csv | rows | fall_onset_frame | fall_impact_frame
outputs/paper_dataset_split_audit_stage1/artifacts/outputs/paper_evidence_archive_v1/09_SIMULATOR_VALIDATION_GALLERY/files/project_outputs/simulated_dataset_legacy_paired_v1/conversion_reports/conversion_report_all_subjects.before_output_path_fix.csv,6,0,6,,status | subject_id | subject_folder | task_id | trial_id | age | input_csv | output_csv | rows | source_sampling_hz | acquisition_variant | fall_onset_time_s | fall_impact_time_s | fall_onset_frame | fall_impact_frame | fall_impact_frame_secondary | onset_alignment_error_s | impact_alignment_error_s | impact_validation_status | primary_onset_analysis | secondary_impact_analysis | physical_overlap_role | paired_pristine_highrate_truth
outputs/paper_dataset_split_audit_stage1/artifacts/outputs/paper_evidence_archive_v1/09_SIMULATOR_VALIDATION_GALLERY/files/project_outputs/simulated_dataset_legacy_paired_v1/conversion_reports/conversion_report_all_subjects.csv,6,0,6,,status | subject_id | subject_folder | task_id | trial_id | age | input_csv | output_csv | rows | source_sampling_hz | acquisition_variant | fall_onset_time_s | fall_impact_time_s | fall_onset_frame | fall_impact_frame | fall_impact_frame_secondary | onset_alignment_error_s | impact_alignment_error_s | impact_validation_status | primary_onset_analysis | secondary_impact_analysis | physical_overlap_role | paired_pristine_highrate_truth
outputs/paper_dataset_split_audit_stage1/artifacts/outputs/paper_evidence_archive_v1/09_SIMULATOR_VALIDATION_GALLERY/files/project_outputs/simulated_dataset_legacy_truth_rich221_v1/conversion_reports/conversion_report_all_subjects.csv,6,0,6,,status | subject_id | subject_folder | task_id | trial_id | age | output_csv | rows | source_sampling_hz | native_truth_sampling_hz | acquisition_variant | acceleration_truth_source | gyro_truth_source | gyro_resampling | timing_shift_applied_s | source_legacy_csv | source_segments_csv | paired_pristine_highrate_truth | fall_onset_time_s | fall_impact_time_s | fall_onset_frame | fall_impact_frame | fall_impact_frame_secondary | primary_onset_analysis | secondary_impact_analysis | impact_validation_status | physical_overlap_role | gyro_reconstruction_zero_corr | gyro_reconstruction_zero_rmse_rads | gyro_reconstruction_zero_mag_corr
outputs/paper_dataset_split_audit_stage1/artifacts/outputs/simulated_dataset_all_subjects/conversion_reports/conversion_report_all_subjects.csv,6,0,6,,status | subject_id | subject_folder | task_id | trial_id | age | height_token | sex | weight_token | timestamp | input_folder | input_csv | metadata_json | output_csv | rows | fall_onset_frame | fall_impact_frame
outputs/paper_dataset_split_audit_stage1/artifacts/outputs/simulated_dataset_legacy_paired_v1/conversion_reports/conversion_report_all_subjects.before_output_path_fix.csv,6,0,6,,status | subject_id | subject_folder | task_id | trial_id | age | input_csv | output_csv | rows | source_sampling_hz | acquisition_variant | fall_onset_time_s | fall_impact_time_s | fall_onset_frame | fall_impact_frame | fall_impact_frame_secondary | onset_alignment_error_s | impact_alignment_error_s | impact_validation_status | primary_onset_analysis | secondary_impact_analysis | physical_overlap_role | paired_pristine_highrate_truth
outputs/paper_dataset_split_audit_stage1/artifacts/outputs/simulated_dataset_legacy_paired_v1/conversion_reports/conversion_report_all_subjects.csv,6,0,6,,status | subject_id | subject_folder | task_id | trial_id | age | input_csv | output_csv | rows | source_sampling_hz | acquisition_variant | fall_onset_time_s | fall_impact_time_s | fall_onset_frame | fall_impact_frame | fall_impact_frame_secondary | onset_alignment_error_s | impact_alignment_error_s | impact_validation_status | primary_onset_analysis | secondary_impact_analysis | physical_overlap_role | paired_pristine_highrate_truth
outputs/paper_dataset_split_audit_stage1/artifacts/outputs/simulated_dataset_legacy_truth_rich221_v1/conversion_reports/conversion_report_all_subjects.csv,6,0,6,,status | subject_id | subject_folder | task_id | trial_id | age | output_csv | rows | source_sampling_hz | native_truth_sampling_hz | acquisition_variant | acceleration_truth_source | gyro_truth_source | gyro_resampling | timing_shift_applied_s | source_legacy_csv | source_segments_csv | paired_pristine_highrate_truth | fall_onset_time_s | fall_impact_time_s | fall_onset_frame | fall_impact_frame | fall_impact_frame_secondary | primary_onset_analysis | secondary_impact_analysis | impact_validation_status | physical_overlap_role | gyro_reconstruction_zero_corr | gyro_reconstruction_zero_rmse_rads | gyro_reconstruction_zero_mag_corr
outputs/paper_evidence_archive_v1/09_SIMULATOR_VALIDATION_GALLERY/files/project_outputs/simulated_dataset_all_subjects/conversion_reports/conversion_report_all_subjects.csv,6,0,6,,status | subject_id | subject_folder | task_id | trial_id | age | height_token | sex | weight_token | timestamp | input_folder | input_csv | metadata_json | output_csv | rows | fall_onset_frame | fall_impact_frame
outputs/paper_evidence_archive_v1/09_SIMULATOR_VALIDATION_GALLERY/files/project_outputs/simulated_dataset_legacy_paired_v1/conversion_reports/conversion_report_all_subjects.before_output_path_fix.csv,6,0,6,,status | subject_id | subject_folder | task_id | trial_id | age | input_csv | output_csv | rows | source_sampling_hz | acquisition_variant | fall_onset_time_s | fall_impact_time_s | fall_onset_frame | fall_impact_frame | fall_impact_frame_secondary | onset_alignment_error_s | impact_alignment_error_s | impact_validation_status | primary_onset_analysis | secondary_impact_analysis | physical_overlap_role | paired_pristine_highrate_truth
outputs/paper_evidence_archive_v1/09_SIMULATOR_VALIDATION_GALLERY/files/project_outputs/simulated_dataset_legacy_paired_v1/conversion_reports/conversion_report_all_subjects.csv,6,0,6,,status | subject_id | subject_folder | task_id | trial_id | age | input_csv | output_csv | rows | source_sampling_hz | acquisition_variant | fall_onset_time_s | fall_impact_time_s | fall_onset_frame | fall_impact_frame | fall_impact_frame_secondary | onset_alignment_error_s | impact_alignment_error_s | impact_validation_status | primary_onset_analysis | secondary_impact_analysis | physical_overlap_role | paired_pristine_highrate_truth
outputs/paper_evidence_archive_v1/09_SIMULATOR_VALIDATION_GALLERY/files/project_outputs/simulated_dataset_legacy_truth_rich221_v1/conversion_reports/conversion_report_all_subjects.csv,6,0,6,,status | subject_id | subject_folder | task_id | trial_id | age | output_csv | rows | source_sampling_hz | native_truth_sampling_hz | acquisition_variant | acceleration_truth_source | gyro_truth_source | gyro_resampling | timing_shift_applied_s | source_legacy_csv | source_segments_csv | paired_pristine_highrate_truth | fall_onset_time_s | fall_impact_time_s | fall_onset_frame | fall_impact_frame | fall_impact_frame_secondary | primary_onset_analysis | secondary_impact_analysis | impact_validation_status | physical_overlap_role | gyro_reconstruction_zero_corr | gyro_reconstruction_zero_rmse_rads | gyro_reconstruction_zero_mag_corr
outputs/simulated_dataset_all_subjects/conversion_reports/conversion_report_all_subjects.csv,6,0,6,,status | subject_id | subject_folder | task_id | trial_id | age | height_token | sex | weight_token | timestamp | input_folder | input_csv | metadata_json | output_csv | rows | fall_onset_frame | fall_impact_frame
outputs/simulated_dataset_legacy_paired_v1/conversion_reports/conversion_report_all_subjects.before_output_path_fix.csv,6,0,6,,status | subject_id | subject_folder | task_id | trial_id | age | input_csv | output_csv | rows | source_sampling_hz | acquisition_variant | fall_onset_time_s | fall_impact_time_s | fall_onset_frame | fall_impact_frame | fall_impact_frame_secondary | onset_alignment_error_s | impact_alignment_error_s | impact_validation_status | primary_onset_analysis | secondary_impact_analysis | physical_overlap_role | paired_pristine_highrate_truth
outputs/simulated_dataset_legacy_paired_v1/conversion_reports/conversion_report_all_subjects.csv,6,0,6,,status | subject_id | subject_folder | task_id | trial_id | age | input_csv | output_csv | rows | source_sampling_hz | acquisition_variant | fall_onset_time_s | fall_impact_time_s | fall_onset_frame | fall_impact_frame | fall_impact_frame_secondary | onset_alignment_error_s | impact_alignment_error_s | impact_validation_status | primary_onset_analysis | secondary_impact_analysis | physical_overlap_role | paired_pristine_highrate_truth
outputs/simulated_dataset_legacy_truth_rich221_v1/conversion_reports/conversion_report_all_subjects.csv,6,0,6,,status | subject_id | subject_folder | task_id | trial_id | age | output_csv | rows | source_sampling_hz | native_truth_sampling_hz | acquisition_variant | acceleration_truth_source | gyro_truth_source | gyro_resampling | timing_shift_applied_s | source_legacy_csv | source_segments_csv | paired_pristine_highrate_truth | fall_onset_time_s | fall_impact_time_s | fall_onset_frame | fall_impact_frame | fall_impact_frame_secondary | primary_onset_analysis | secondary_impact_analysis | impact_validation_status | physical_overlap_role | gyro_reconstruction_zero_corr | gyro_reconstruction_zero_rmse_rads | gyro_reconstruction_zero_mag_corr
