profile,trajectories,derived_eligible,derived_ineligible,unresolved
P014,18,0,0,18
P015,18,0,0,18
P016,18,0,0,18
P017,18,0,0,18
P018,18,0,0,18
P019,18,0,0,18
P020,18,0,0,18
P021,18,0,0,18
P022,18,0,0,18
P023,18,0,0,18
P024,18,0,0,18
P025,18,0,0,18
P026,18,0,0,18
P027,18,0,0,18
P028,18,0,0,18
P029,18,0,0,18
P030,18,0,0,18
P031,18,0,0,18
P032,18,0,0,18
P033,18,0,0,18
P034,18,0,0,18
P035,18,0,0,18
P036,18,0,0,18
P037,18,0,0,18
P038,18,0,0,18
P039,18,0,0,18
P040,18,0,0,18
P041,18,0,0,18
P042,18,0,0,18
P043,18,0,0,18
P044,18,0,0,18
P045,18,0,0,18
P046,18,0,0,18
P047,18,0,0,18
P048,18,0,0,18
P049,18,0,0,18
P050,18,0,0,18
P051,18,0,0,18
P052,18,0,0,18
P053,18,0,0,18
P054,18,0,0,18
P055,18,0,0,18
