condition,condition_display,evaluation_domain,level,fold,n,tn,fp,fn,tp,support_activity,support_fall,overall_accuracy,balanced_accuracy,activity_precision,activity_recall,activity_f1,fall_precision,fall_recall,fall_f1
EXP01_REAL_ONLY,REAL_ONLY,Held-out physical,Segment,1,450947,449208,175,373,1191,449383,1564,0.998784779586071,0.8805597642878953,0.999170338604167,0.9996105771691408,0.9993904094046036,0.8718887262079063,0.7615089514066496,0.8129692832764505
EXP01_REAL_ONLY,REAL_ONLY,Held-out physical,Event,1,1080,578,7,81,414,585,495,0.9185185185185185,0.9121989121989122,0.8770864946889226,0.9880341880341881,0.9292604501607717,0.9833729216152018,0.8363636363636363,0.9039301310043668
EXP01_REAL_ONLY,REAL_ONLY,Held-out physical,Segment,2,296080,294170,52,568,1290,294222,1858,0.9979059713590921,0.8470591017514736,0.9980728647137458,0.9998232627063918,0.998947296930182,0.9612518628912071,0.6942949407965554,0.80625
EXP01_REAL_ONLY,REAL_ONLY,Held-out physical,Event,2,1175,623,2,133,417,625,550,0.8851063829787233,0.8774909090909091,0.8240740740740741,0.9968,0.9022447501810282,0.9952267303102625,0.7581818181818182,0.8606811145510836
EXP01_REAL_ONLY,REAL_ONLY,Held-out physical,Segment,3,201537,199522,106,616,1293,199628,1909,0.9964175312721734,0.8383934899426291,0.9969221237346231,0.9994690123629951,0.9981939434569224,0.9242315939957112,0.6773179675222629,0.7817412333736395
EXP01_REAL_ONLY,REAL_ONLY,Held-out physical,Event,3,1210,643,9,126,432,652,558,0.8884297520661157,0.8801949337027508,0.8361508452535761,0.9861963190184049,0.9049964813511611,0.9795918367346939,0.7741935483870968,0.8648648648648648
EXP01_REAL_ONLY,REAL_ONLY,Held-out physical,Segment,4,63129,60680,69,782,1598,60749,2380,0.9865196660805652,0.8351463751313954,0.9872766912889265,0.9988641788342195,0.9930366333636088,0.9586082783443312,0.6714285714285714,0.7897207808253027
EXP01_REAL_ONLY,REAL_ONLY,Held-out physical,Event,4,1522,811,6,128,577,817,705,0.911957950065703,0.9055478875317933,0.8636847710330139,0.99265605875153,0.9236902050113895,0.9897084048027445,0.8184397163120567,0.8959627329192547
EXP01_REAL_ONLY,REAL_ONLY,Held-out physical,Segment,5,285474,283296,83,598,1497,283379,2095,0.9976144937892768,0.8571327892924224,0.9978935799981683,0.9997071060311455,0.9987995198079231,0.9474683544303798,0.7145584725536993,0.8146938775510204
EXP01_REAL_ONLY,REAL_ONLY,Held-out physical,Event,5,1338,711,6,133,488,717,621,0.8961136023916293,0.888730553365809,0.8424170616113744,0.9916317991631799,0.9109545163356823,0.9878542510121457,0.785829307568438,0.8753363228699552
EXP04_MIX20,REAL + SIM20,Held-out physical,Segment,1,450947,449255,128,483,1081,449383,1564,0.9986450735895792,0.8454458178016891,0.9989260413840947,0.999715165015143,0.9993204474147528,0.8941273779983457,0.6911764705882353,0.7796610169491526
EXP04_MIX20,REAL + SIM20,Held-out physical,Event,1,1080,581,4,111,384,585,495,0.8935185185185185,0.8844599844599845,0.8395953757225434,0.9931623931623932,0.9099451840250588,0.9896907216494846,0.7757575757575758,0.8697621744054359
EXP04_MIX20,REAL + SIM20,Held-out physical,Segment,2,296080,294164,58,520,1338,294222,1858,0.9980478249121859,0.8599660205467604,0.9982353979177695,0.9998028699417447,0.9990185190845398,0.9584527220630372,0.7201291711517761,0.8223724646588814
EXP04_MIX20,REAL + SIM20,Held-out physical,Event,2,1175,622,3,115,435,625,550,0.8995744680851064,0.8930545454545454,0.8439620081411127,0.9952,0.9133627019089574,0.9931506849315068,0.7909090909090909,0.8805668016194332
EXP04_MIX20,REAL + SIM20,Held-out physical,Segment,3,201537,199546,82,638,1271,199628,1909,0.9964274550082615,0.8326914225992037,0.9968129321024657,0.9995892359789208,0.998199153602193,0.9393939393939394,0.6657936092194866,0.7792765174739423
EXP04_MIX20,REAL + SIM20,Held-out physical,Event,3,1210,638,14,134,424,652,558,0.8776859504132232,0.869192119093168,0.8264248704663213,0.9785276073619632,0.8960674157303371,0.9680365296803652,0.7598566308243727,0.8514056224899599
EXP04_MIX20,REAL + SIM20,Held-out physical,Segment,4,63129,60712,37,832,1548,60749,2380,0.9862345356333856,0.8249055522717738,0.9864812166904978,0.9993909364763206,0.9928941149534315,0.9766561514195583,0.6504201680672269,0.7808322824716267
EXP04_MIX20,REAL + SIM20,Held-out physical,Event,4,1522,814,3,150,555,817,705,0.8994743758212878,0.8917810359644782,0.8443983402489627,0.996328029375765,0.9140932060640089,0.9946236559139785,0.7872340425531915,0.8788598574821853
EXP04_MIX20,REAL + SIM20,Held-out physical,Segment,5,285474,283271,108,582,1513,283379,2095,0.9975829672754787,0.8609072945067344,0.9979496429489912,0.9996188849561894,0.9987835665124676,0.933374460209747,0.7221957040572793,0.8143164693218514
EXP04_MIX20,REAL + SIM20,Held-out physical,Event,5,1338,712,5,110,511,717,621,0.914050822122571,0.9079464219540625,0.8661800486618005,0.99302649930265,0.9252761533463287,0.9903100775193798,0.822866344605475,0.8988566402814424
EXP05_MIX50,REAL + SIM50,Held-out physical,Segment,1,450947,449160,223,349,1215,449383,1564,0.9987315582540742,0.8881789919993343,0.9992235973028348,0.9995037640498194,0.999363661040481,0.844923504867872,0.7768542199488491,0.8094603597601598
EXP05_MIX50,REAL + SIM50,Held-out physical,Event,1,1080,578,7,68,427,585,495,0.9305555555555556,0.9253302253302254,0.8947368421052632,0.9880341880341881,0.9390739236393176,0.9838709677419355,0.8626262626262626,0.9192680301399354
EXP05_MIX50,REAL + SIM50,Held-out physical,Segment,2,296080,294167,55,533,1325,294222,1858,0.9980140502566874,0.8564727333773193,0.9981913810654903,0.9998130663240682,0.9990015655723508,0.9601449275362319,0.7131324004305705,0.8184064237183447
EXP05_MIX50,REAL + SIM50,Held-out physical,Event,2,1175,621,4,130,420,625,550,0.8859574468085106,0.8786181818181819,0.8268974700399467,0.9936,0.9026162790697675,0.9905660377358491,0.7636363636363637,0.862422997946612
EXP05_MIX50,REAL + SIM50,Held-out physical,Segment,3,201537,199545,83,599,1310,199628,1909,0.9966160059939366,0.8429036900725448,0.9970071548485091,0.9995842266615905,0.9982940275957296,0.9404163675520459,0.6862231534834992,0.7934585099939431
EXP05_MIX50,REAL + SIM50,Held-out physical,Event,3,1210,641,11,115,443,652,558,0.8958677685950414,0.8885178221958352,0.8478835978835979,0.9831288343558282,0.9105113636363636,0.9757709251101322,0.7939068100358423,0.8754940711462451
EXP05_MIX50,REAL + SIM50,Held-out physical,Segment,4,63129,60700,49,823,1557,60749,2380,0.986187013892189,0.8266975415164008,0.9866228890008615,0.9991934023605327,0.9928683590683067,0.9694894146948941,0.6542016806722689,0.7812343201204214
EXP05_MIX50,REAL + SIM50,Held-out physical,Event,4,1522,816,1,140,565,817,705,0.9073587385019711,0.9000972247541169,0.8535564853556485,0.9987760097919217,0.9204737732656515,0.9982332155477032,0.8014184397163121,0.8890637293469709
EXP05_MIX50,REAL + SIM50,Held-out physical,Segment,5,285474,283307,72,660,1435,283379,2095,0.9974358435444208,0.8423550618907266,0.9976757862709399,0.9997459233041263,0.9987097820377687,0.9522229595222296,0.684964200477327,0.7967795669072736
EXP05_MIX50,REAL + SIM50,Held-out physical,Event,5,1338,711,6,142,479,717,621,0.8893871449925261,0.8814841765542147,0.8335287221570926,0.9916317991631799,0.9057324840764331,0.9876288659793815,0.7713365539452496,0.8661844484629296
EXP06_MIX70,REAL + SIM70,Held-out physical,Segment,1,450947,449155,228,420,1144,449383,1564,0.9985630240360841,0.8654752190973662,0.9990657843518879,0.9994926376832235,0.9992791654337577,0.8338192419825073,0.731457800511509,0.7792915531335151
EXP06_MIX70,REAL + SIM70,Held-out physical,Event,1,1080,573,12,83,412,585,495,0.9120370370370371,0.905905205905206,0.8734756097560976,0.9794871794871794,0.9234488315874294,0.9716981132075472,0.8323232323232324,0.896626768226333
EXP06_MIX70,REAL + SIM70,Held-out physical,Segment,2,296080,294160,62,524,1334,294222,1858,0.9980208051877871,0.8588827966937438,0.9982218240555986,0.9997892747653133,0.9990049345735993,0.9555873925501432,0.7179763186221744,0.8199139520590043
EXP06_MIX70,REAL + SIM70,Held-out physical,Event,2,1175,623,2,118,432,625,550,0.8978723404255319,0.8911272727272728,0.8407557354925776,0.9968,0.9121522693997073,0.9953917050691244,0.7854545454545454,0.8780487804878049
EXP06_MIX70,REAL + SIM70,Held-out physical,Segment,3,201537,199562,66,646,1263,199628,1909,0.9964671499526142,0.8306361592646135,0.9967733557100615,0.9996693850562045,0.9982192699006592,0.9503386004514672,0.6616029334730226,0.7801111797405806
EXP06_MIX70,REAL + SIM70,Held-out physical,Event,3,1210,644,8,136,422,652,558,0.8809917355371901,0.8720012313916925,0.8256410256410256,0.9877300613496932,0.8994413407821229,0.9813953488372092,0.7562724014336918,0.854251012145749
EXP06_MIX70,REAL + SIM70,Held-out physical,Segment,4,63129,60677,72,703,1677,60749,2380,0.987723550190879,0.8517183220223842,0.9885467579015966,0.9988147953052725,0.9936542508331355,0.9588336192109777,0.7046218487394958,0.8123032211189151
EXP06_MIX70,REAL + SIM70,Held-out physical,Event,4,1522,812,5,121,584,817,705,0.9172141918528253,0.9111244216429247,0.8703108252947481,0.9938800489596084,0.9279999999999999,0.9915110356536503,0.8283687943262411,0.902627511591963
EXP06_MIX70,REAL + SIM70,Held-out physical,Segment,5,285474,283317,62,740,1355,283379,2095,0.9971906373259911,0.823279627346768,0.9973948890539575,0.9997812117341087,0.998586624747108,0.9562455892731122,0.6467780429594272,0.771640091116173
EXP06_MIX70,REAL + SIM70,Held-out physical,Event,5,1338,712,5,178,443,717,621,0.8632286995515696,0.853196019377573,0.8,0.99302649930265,0.8861232109520846,0.9888392857142857,0.7133655394524959,0.8288119738072965
EXP07_MIX100,REAL + SIM100,Held-out physical,Segment,1,450947,449238,145,426,1138,449383,1564,0.9987337758095741,0.8636494093723379,0.9990526259607173,0.9996773353687166,0.9993648830372606,0.886983632112237,0.7276214833759591,0.7994380049174571
EXP07_MIX100,REAL + SIM100,Held-out physical,Event,1,1080,578,7,83,412,585,495,0.9166666666666666,0.9101787101787102,0.8744326777609682,0.9880341880341881,0.92776886035313,0.9832935560859188,0.8323232323232324,0.9015317286652079
EXP07_MIX100,REAL + SIM100,Held-out physical,Segment,2,296080,294166,56,525,1333,294222,1858,0.9980376925155363,0.8586238865098672,0.9982184729089114,0.9998096675299604,0.9990134366196705,0.9596832253419726,0.7174381054897739,0.8210655990144748
EXP07_MIX100,REAL + SIM100,Held-out physical,Event,2,1175,620,5,115,435,625,550,0.8978723404255319,0.8914545454545455,0.8435374149659864,0.992,0.911764705882353,0.9886363636363636,0.7909090909090909,0.8787878787878788
EXP07_MIX100,REAL + SIM100,Held-out physical,Segment,3,201537,199588,40,813,1096,199628,1909,0.9957675265583987,0.7869611022861873,0.9959431340162973,0.9997996273067906,0.9978676545950418,0.9647887323943662,0.574122577265584,0.7198686371100164
EXP07_MIX100,REAL + SIM100,Held-out physical,Event,3,1210,647,5,195,363,652,558,0.8347107438016529,0.8214344613760802,0.7684085510688836,0.9923312883435583,0.8661311914323964,0.9864130434782609,0.6505376344086021,0.7840172786177106
EXP07_MIX100,REAL + SIM100,Held-out physical,Segment,4,63129,60676,73,663,1717,60749,2380,0.9883413328264348,0.8601134527787642,0.9891912160289539,0.9987983341289569,0.9939715614966255,0.9592178770949721,0.7214285714285714,0.8235011990407675
EXP07_MIX100,REAL + SIM100,Held-out physical,Event,4,1522,811,6,105,600,817,705,0.9270696452036794,0.921859944269382,0.8853711790393013,0.99265605875153,0.9359492210040391,0.9900990099009901,0.851063829787234,0.9153318077803204
EXP07_MIX100,REAL + SIM100,Held-out physical,Segment,5,285474,283322,57,799,1296,283379,2095,0.9970014782432025,0.8092073038695381,0.9971878178663316,0.9997988559491,0.9984916299559471,0.9578713968957872,0.6186157517899762,0.7517401392111368
EXP07_MIX100,REAL + SIM100,Held-out physical,Event,5,1338,715,2,199,422,717,621,0.8497757847533632,0.8383798570263915,0.7822757111597374,0.99721059972106,0.8767627222562844,0.9952830188679245,0.679549114331723,0.8076555023923445
EXP03_SIM_ONLY_FULL,SIM_ACTIVITY + SIM_FALLING,Held-out simulated trials,Segment,1,7248,6770,33,74,371,6803,445,0.9852373068432672,0.9144285320256926,0.989187609585038,0.9951491988828458,0.9921594489631421,0.9183168316831684,0.8337078651685393,0.8739693757361602
EXP03_SIM_ONLY_FULL,SIM_ACTIVITY + SIM_FALLING,Held-out simulated trials,Event,1,119,0,0,43,76,0,119,0.6386554621848739,,0.0,,,1.0,0.6386554621848739,0.7794871794871795
EXP03_SIM_ONLY_FULL,SIM_ACTIVITY + SIM_FALLING,Held-out simulated trials,Segment,2,7074,6521,36,123,394,6557,517,0.9775233248515691,0.87829932958089,0.9814870559903672,0.9945096843068476,0.9879554579198545,0.9162790697674419,0.7620889748549323,0.8321013727560719
EXP03_SIM_ONLY_FULL,SIM_ACTIVITY + SIM_FALLING,Held-out simulated trials,Event,2,118,0,0,43,75,0,118,0.635593220338983,,0.0,,,1.0,0.635593220338983,0.77720207253886
EXP03_SIM_ONLY_FULL,SIM_ACTIVITY + SIM_FALLING,Held-out simulated trials,Segment,3,7763,7142,29,119,473,7171,592,0.980935205461806,0.8974712100540088,0.9836110728549786,0.9959559336215311,0.9897450110864745,0.9422310756972112,0.7989864864864865,0.8647166361974407
EXP03_SIM_ONLY_FULL,SIM_ACTIVITY + SIM_FALLING,Held-out simulated trials,Event,3,118,0,0,38,80,0,118,0.6779661016949152,,0.0,,,1.0,0.6779661016949152,0.8080808080808081
EXP03_SIM_ONLY_FULL,SIM_ACTIVITY + SIM_FALLING,Held-out simulated trials,Segment,4,7222,6739,30,103,350,6769,453,0.9815840487399612,0.8840974811478246,0.9849459222449576,0.9955680307283202,0.9902284916611565,0.9210526315789473,0.7726269315673289,0.8403361344537814
EXP03_SIM_ONLY_FULL,SIM_ACTIVITY + SIM_FALLING,Held-out simulated trials,Event,4,118,0,0,37,81,0,118,0.6864406779661016,,0.0,,,1.0,0.6864406779661016,0.8140703517587939
EXP03_SIM_ONLY_FULL,SIM_ACTIVITY + SIM_FALLING,Held-out simulated trials,Segment,5,7472,6983,20,85,384,7003,469,0.9859475374732334,0.9079537036670546,0.9879739671760045,0.9971440811080965,0.9925378437921966,0.9504950495049505,0.8187633262260128,0.8797250859106529
EXP03_SIM_ONLY_FULL,SIM_ACTIVITY + SIM_FALLING,Held-out simulated trials,Event,5,118,0,0,38,80,0,118,0.6779661016949152,,0.0,,,1.0,0.6779661016949152,0.8080808080808081
