condition,condition_display,evaluation_domain,level,overall_accuracy_mean,overall_accuracy_std,balanced_accuracy_mean,balanced_accuracy_std,activity_precision_mean,activity_precision_std,activity_recall_mean,activity_recall_std,activity_f1_mean,activity_f1_std,fall_precision_mean,fall_precision_std,fall_recall_mean,fall_recall_std,fall_f1_mean,fall_f1_std
EXP01_REAL_ONLY,REAL_ONLY,Held-out physical,Segment,0.9954484884174357,0.0050627204351763,0.8516583040811632,0.01826893636922433,0.9958671196679262,0.004868048924708271,0.9994948274207787,0.00037573727737555244,0.997673560592648,0.0026272443123911333,0.9326897631739071,0.036994176739097634,0.7038217807415477,0.03635113139404417,0.8010750350052828,0.01463250875989523
EXP01_REAL_ONLY,REAL_ONLY,Held-out physical,Event,0.9000252412041381,0.01463488523956536,0.8928326391780349,0.015399979392632547,0.8486826493321923,0.021411023829804754,0.9910636729934605,0.004142246404733932,0.9142292806080066,0.011779672972987945,0.9871508288950096,0.00599306112854954,0.7946016053626093,0.03214096165086077,0.8801550332419051,0.019048499747536515
EXP04_MIX20,REAL + SIM20,Held-out physical,Segment,0.9953875712837782,0.005180913384190405,0.8447832215452322,0.01606452213484651,0.9956810462087639,0.005199020733573559,0.9996234184736636,0.00015480401487527989,0.9976431603134769,0.0026864470233380995,0.9404009302169255,0.03095131337888655,0.6899430246168008,0.03200863405612595,0.7952917501750909,0.02124375638561604
EXP04_MIX20,REAL + SIM20,Held-out physical,Event,0.8968608269921414,0.013119997482827066,0.8892868213852478,0.014104015025230617,0.8441121286481481,0.014320769060682402,0.9912489058405543,0.007246746652316901,0.9117489322149381,0.010491056319928175,0.987162333938943,0.010881510646800352,0.7873247369299412,0.02326132931333479,0.8758902192556913,0.01728578954662172
EXP05_MIX50,REAL + SIM50,Held-out physical,Segment,0.9953968943882614,0.005206604782822123,0.8513216037712652,0.023144144991114717,0.9957441616977271,0.005162830995815057,0.9995680765400274,0.0002431188646465405,0.9976474790629274,0.0027002468125011604,0.9334394348346547,0.05061954325177623,0.703075131002503,0.04621988676985321,0.7998678361000284,0.014435377779569089
EXP05_MIX50,REAL + SIM50,Held-out physical,Event,0.9018253308907209,0.01801412758972477,0.8948095261305149,0.018965646223804474,0.8513206235083098,0.02652745012074478,0.9910341662690236,0.005881559126020625,0.9156815647375065,0.014718904447807903,0.9872140024230003,0.008290826401265756,0.798584885992006,0.0390355035728502,0.8824866554085388,0.022985516991332267
EXP06_MIX70,REAL + SIM70,Held-out physical,Segment,0.9955930333386711,0.0044710206961759945,0.8459984248849752,0.018236040822596035,0.9960005222146204,0.004255295135690467,0.9995094609088244,0.00040637524528411534,0.9977488490976519,0.002324248132727149,0.9309648886936415,0.05439362334134398,0.6924873888611259,0.0366019723802032,0.7926519994336376,0.02183265071930924
EXP06_MIX70,REAL + SIM70,Held-out physical,Event,0.8942688008808307,0.022332459755257234,0.8866708302089338,0.02410165612576945,0.8420366392368898,0.03092480542566722,0.9901847578198263,0.006818280892367617,0.9098331305442688,0.01725507495838245,0.9857670976963634,0.009382333694082989,0.7831569025980414,0.0501506058476715,0.8720732092518293,0.030664781522449436
EXP07_MIX100,REAL + SIM100,Held-out physical,Segment,0.9955763611906294,0.004196443649358457,0.835711030963339,0.035284675227952984,0.9959186533562423,0.00393639254614614,0.9995767640567049,0.0004385500558586117,0.997741833140909,0.002181985388762656,0.9457089727678669,0.032933256953708565,0.671845297869973,0.07076599234668997,0.7831227158587705,0.045613094443133696
EXP07_MIX100,REAL + SIM100,Held-out physical,Event,0.8852190361701787,0.040950716470768804,0.876661503661022,0.044442791654786956,0.8308051067989753,0.05313041799931576,0.9924464269700672,0.0032565969145454078,0.9036753401856406,0.030908700409163894,0.9887449983938916,0.004465061515714567,0.7608765803519765,0.0907319616371936,0.8574648392486924,0.058353798089302675
EXP03_SIM_ONLY_FULL,SIM_ACTIVITY + SIM_FALLING,Held-out simulated trials,Segment,0.9822454846739674,0.0034318113773252486,0.8964500512950941,0.015318593607737126,0.9854411255702692,0.003149619603599396,0.9956653857295283,0.0009852069243921073,0.9905252506845649,0.0018722853436743895,0.9296749316463438,0.015603955185919473,0.7972347168606599,0.030156286839116732,0.8581697210108213,0.020944692251761148
EXP03_SIM_ONLY_FULL,SIM_ACTIVITY + SIM_FALLING,Held-out simulated trials,Event,0.6633243127759578,0.02419036989347188,,,0.0,0.0,,,,,1.0,0.0,0.6633243127759578,0.02419036989347188,0.7973842439892899,0.01757045902552537
