condition,condition_display,evaluation_domain,level,n,tn,fp,fn,tp,support_activity,support_fall,overall_accuracy,balanced_accuracy,activity_precision,activity_recall,activity_f1,fall_precision,fall_recall,fall_f1
EXP01_REAL_ONLY,REAL_ONLY,Held-out physical,Segment,1297167,1286876,485,2937,6869,1287361,9806,0.9973619433735209,0.8500563782622083,0.9977229257264425,0.9996232602976166,0.998672188994612,0.9340494968724503,0.7004894962267999,0.8005827505827506
EXP01_REAL_ONLY,REAL_ONLY,Held-out physical,Event,6325,3366,30,601,2328,3396,2929,0.9002371541501977,0.892988296636414,0.8485001260398286,0.991166077738516,0.9143012359092761,0.9872773536895675,0.794810515534312,0.8806506525439758
EXP04_MIX20,REAL + SIM20,Held-out physical,Segment,1297167,1286948,413,3055,6751,1287361,9806,0.9973264814784835,0.8440676179918871,0.9976317884532051,0.9996791886658055,0.9986544391867038,0.9423506420993858,0.6884560473179686,0.7956393635827932
EXP04_MIX20,REAL + SIM20,Held-out physical,Event,6325,3367,29,620,2309,3396,2929,0.8973913043478261,0.8898921008830505,0.8444946074742914,0.9914605418138988,0.9120953541920629,0.9875962360992301,0.7883236599522021,0.8767799506360358
EXP05_MIX50,REAL + SIM50,Held-out physical,Segment,1297167,1286879,482,2964,6842,1287361,9806,0.9973434415152406,0.8486808352986708,0.9977020459079128,0.9996255906462911,0.9986628920333819,0.934188967777171,0.6977360799510504,0.7988324576765908
EXP05_MIX50,REAL + SIM50,Held-out physical,Event,6325,3367,29,595,2334,3396,2929,0.9013438735177866,0.8941597690291754,0.8498233215547704,0.9914605418138988,0.9151943462897526,0.9877274650867541,0.796858996244452,0.8820861678004536
EXP06_MIX70,REAL + SIM70,Held-out physical,Segment,1297167,1286871,490,3033,6773,1287361,9806,0.997284081386591,0.8451594740369803,0.9976486622260261,0.999619376383159,0.9986330470479363,0.9325347652485199,0.6906995716908015,0.7936024371667936
EXP06_MIX70,REAL + SIM70,Held-out physical,Event,6325,3364,32,636,2293,3396,2929,0.8943873517786561,0.8867190971564562,0.841,0.9905771495877503,0.9096809085992428,0.9862365591397849,0.7828610447251622,0.8728587742672249
EXP07_MIX100,REAL + SIM100,Held-out physical,Segment,1297167,1286990,371,3226,6580,1287361,9806,0.9972270339902264,0.8353647788927352,0.9974996434705506,0.999711813547249,0.9986045033766208,0.94662638469285,0.6710177442382215,0.7853434385629886
EXP07_MIX100,REAL + SIM100,Held-out physical,Event,6325,3371,25,697,2232,3396,2929,0.8858498023715415,0.877336611143751,0.8286627335299902,0.9926383981154299,0.9032690246516614,0.9889233495790872,0.7620348241720724,0.8607790204396453
EXP03_SIM_ONLY_FULL,SIM_ACTIVITY + SIM_FALLING,Held-out simulated trials,Segment,36779,34155,148,504,1972,34303,2476,0.9822724924549335,0.8960656945042227,0.9854583225136329,0.9956855085561029,0.9905455178214089,0.930188679245283,0.7964458804523424,0.8581375108790253
EXP03_SIM_ONLY_FULL,SIM_ACTIVITY + SIM_FALLING,Held-out simulated trials,Event,591,0,0,199,392,0,591,0.6632825719120136,,0.0,,,1.0,0.6632825719120136,0.7975584944048831
