profile_id,20,21,22,23,24,28,29,30,31,32,33,34,37,38,39,40,41,42
P014,1,1,0,1,1,1,1,0,0,1,1,1,1,0,1,1,0,1
P015,1,0,0,1,1,1,1,0,0,1,1,1,1,1,1,1,1,1
P016,1,0,0,0,1,1,1,0,0,1,1,1,1,1,1,1,1,0
P017,1,1,1,1,1,1,1,1,0,1,1,1,1,1,1,1,1,1
P018,0,1,1,0,1,1,0,0,0,1,1,1,1,1,1,0,1,1
P019,1,0,0,1,0,1,1,0,0,1,1,1,1,1,1,0,1,1
P020,1,1,1,1,1,1,1,0,0,1,1,1,1,1,1,1,1,1
P021,1,0,0,1,1,1,1,0,0,1,1,1,1,1,1,1,1,1
P022,1,1,1,1,1,1,1,0,0,1,1,1,1,0,0,1,1,1
P023,1,1,1,1,1,1,1,0,0,1,1,1,1,1,1,1,1,1
P024,1,0,0,1,1,1,1,0,1,1,1,1,1,1,1,1,1,1
P025,1,0,0,1,0,1,1,0,0,1,1,1,1,1,1,1,1,1
P026,1,1,1,1,0,1,1,0,0,1,1,1,1,0,1,1,1,1
P027,1,1,1,1,1,1,1,0,0,1,1,1,1,1,0,0,1,1
P028,1,1,1,1,0,1,1,0,0,1,1,1,1,0,1,1,1,1
P029,1,1,1,1,0,1,1,0,0,1,1,1,1,1,1,0,1,1
P030,1,1,1,1,1,1,1,1,0,1,1,1,1,1,1,0,1,0
P031,1,0,0,1,0,1,1,1,1,1,1,1,1,1,1,1,1,1
P032,1,0,0,1,0,1,1,0,0,1,1,1,1,1,1,1,1,1
P033,1,1,1,0,1,1,1,0,0,1,1,1,1,1,1,0,1,1
P034,1,1,1,1,1,1,1,0,0,1,1,1,1,1,1,1,1,1
P035,1,0,0,1,0,1,1,0,0,1,1,1,1,1,1,1,1,1
P036,1,1,1,0,1,1,1,0,0,1,0,1,1,1,0,1,1,1
P037,1,0,0,1,1,1,1,0,0,1,1,1,1,0,1,1,1,1
P038,1,1,1,0,0,1,0,0,0,0,1,1,1,1,1,0,1,1
P039,1,1,1,0,1,1,1,0,0,1,0,1,1,1,1,1,1,1
P040,1,0,0,1,1,1,1,0,0,1,1,1,1,1,0,1,1,1
P041,1,1,0,1,1,1,1,0,0,1,1,1,1,0,1,1,1,1
P042,1,1,1,0,1,1,1,0,0,1,1,1,1,1,1,1,1,1
P043,1,1,1,1,1,1,1,0,0,1,1,1,1,0,1,1,1,1
P044,1,1,1,1,1,1,1,0,0,1,1,1,1,1,1,1,1,1
P045,1,0,0,1,1,1,1,0,0,1,1,1,1,1,0,1,1,1
P046,1,0,0,1,1,1,1,0,1,1,1,1,1,1,1,1,1,1
P047,1,1,1,1,1,1,1,0,0,1,1,1,1,1,1,1,1,1
P048,1,0,0,0,1,1,1,0,0,1,1,1,1,1,1,0,1,1
P049,1,1,1,1,1,1,1,0,0,1,1,1,1,1,1,1,1,1
P050,1,1,1,0,1,1,1,0,0,1,1,1,1,1,1,1,1,0
P051,1,1,1,0,1,1,1,0,0,1,1,1,1,1,1,1,1,1
P052,1,1,1,0,0,1,1,0,0,1,1,1,1,0,1,1,1,1
P053,1,0,0,1,1,1,1,0,0,1,1,1,1,1,1,1,1,1
P054,1,0,0,1,1,1,1,1,0,1,1,1,1,1,1,0,1,0
P055,1,1,1,1,1,1,1,0,0,1,1,1,1,1,1,1,1,1
