profile_id,source_trials,eligible_trials,falling_windows,activity_windows
P014,18,13,35,1289
P015,18,14,57,1351
P016,18,12,32,1354
P017,18,17,69,862
P018,18,12,51,1375
P019,18,12,59,869
P020,18,16,54,1319
P021,18,14,78,783
P022,18,14,45,1405
P023,18,16,63,838
P024,18,15,35,1415
P025,18,13,89,836
P026,18,14,79,857
P027,18,14,38,1438
P028,18,14,75,827
P029,18,14,50,875
P030,18,15,31,1371
P031,18,15,84,853
P032,18,13,71,808
P033,18,14,46,1366
P034,18,16,56,949
P035,18,13,59,878
P036,18,13,67,783
P037,18,13,43,867
P038,18,11,33,1361
P039,18,14,78,869
P040,18,13,65,912
P041,18,14,63,874
P042,18,15,67,774
P043,18,15,83,875
P044,18,16,73,1377
P045,18,13,57,810
P046,18,15,66,919
P047,18,16,101,838
P048,18,12,51,909
P049,18,16,45,918
P050,18,14,38,1415
P051,18,15,93,775
P052,18,13,28,1423
P053,18,14,48,921
P054,18,13,29,1439
P055,18,16,92,816
