profile_id,source_trials,eligible_trials,ineligible_trials,eligibility_percent,falling_windows,activity_windows,median_fall_samples,median_lead_time_ms
P014,18,13,5,72.22222222222223,35,1289,34.0,334.9666666665296
P015,18,14,4,77.77777777777777,57,1351,65.0,646.6333333322782
P016,18,12,6,66.66666666666667,32,1354,42.0,416.6333333322707
P017,18,17,1,94.44444444444444,69,862,64.0,634.9666666662572
P018,18,12,6,66.66666666666667,51,1375,37.0,366.633333332246
P019,18,12,6,66.66666666666667,59,869,60.0,598.2999999989161
P020,18,16,2,88.88888888888889,54,1319,48.5,479.9666666665461
P021,18,14,4,77.77777777777777,78,783,77.0,769.9666666663893
P022,18,14,4,77.77777777777777,45,1405,44.0,433.29999999893823
P023,18,16,2,88.88888888888889,63,838,57.5,568.2999999996507
P024,18,15,3,83.33333333333333,35,1415,42.5,418.2999999978385
P025,18,13,5,72.22222222222223,89,836,65.5,651.6333333332157
P026,18,14,4,77.77777777777777,79,857,77.0,766.6333333331838
P027,18,14,4,77.77777777777777,38,1438,45.5,451.6333333321145
P028,18,14,4,77.77777777777777,75,827,63.5,631.633333333192
P029,18,14,4,77.77777777777777,50,875,50.0,498.29999999966645
P030,18,15,3,83.33333333333333,31,1371,34.0,336.63333333211386
P031,18,15,3,83.33333333333333,84,853,79.0,784.9666666665382
P032,18,13,5,72.22222222222223,71,808,67.5,668.2999999996814
P033,18,14,4,77.77777777777777,46,1366,45.0,449.9666666665463
P034,18,16,2,88.88888888888889,56,949,48.5,481.63333333316064
P035,18,13,5,72.22222222222223,59,878,50.5,501.6333333329501
P036,18,13,5,72.22222222222223,67,783,49.0,484.96666666621826
P037,18,13,5,72.22222222222223,43,867,38.5,379.9666666664212
P038,18,11,7,61.111111111111114,33,1361,30.5,301.6333333331369
P039,18,14,4,77.77777777777777,78,869,71.5,714.9666666664443
P040,18,13,5,72.22222222222223,65,912,73.5,734.9666666662654
P041,18,14,4,77.77777777777777,63,874,52.0,516.6333333330356
P042,18,15,3,83.33333333333333,67,774,72.0,716.6333333330904
P043,18,15,3,83.33333333333333,83,875,65.0,646.6333333332077
P044,18,16,2,88.88888888888889,73,1377,57.5,569.9666666646408
P045,18,13,5,72.22222222222223,57,810,46.5,463.29999999953395
P046,18,15,3,83.33333333333333,66,919,53.5,534.9666666663824
P047,18,16,2,88.88888888888889,101,838,79.0,783.2999999996501
P048,18,12,6,66.66666666666667,51,909,52.0,516.6333333331684
P049,18,16,2,88.88888888888889,45,918,50.5,501.6333333332157
P050,18,14,4,77.77777777777777,38,1415,35.5,353.2999999998454
P051,18,15,3,83.33333333333333,93,775,87.0,866.6333333330979
P052,18,13,5,72.22222222222223,28,1423,42.0,419.9666666654682
P053,18,14,4,77.77777777777777,48,921,65.5,649.9666666655223
P054,18,13,5,72.22222222222223,29,1439,34.0,334.96666666444605
P055,18,16,2,88.88888888888889,92,816,81.0,803.2999999998847
