task_id,source_trials,eligible_trials,ineligible_trials,eligibility_percent,falling_windows,activity_windows,median_fall_samples,min_fall_samples,max_fall_samples,median_lead_time_ms
20,42,41,1,97.61904761904762,119,1653,50.0,1,200,498.29999999977525
21,42,26,16,61.904761904761905,95,1468,39.0,1,204,383.29999999989184
22,42,24,18,57.142857142857146,59,1468,32.5,1,207,318.2999999998923
23,42,31,11,73.80952380952381,108,1658,58.5,3,154,584.9666666664759
24,42,32,10,76.19047619047619,189,1456,47.0,1,244,466.6333333332311
28,42,42,0,100.0,96,3020,45.5,30,224,449.9666666662727
29,42,40,2,95.23809523809524,150,3101,70.5,24,140,701.6333333329499
30,42,4,38,9.523809523809524,5,3025,10.0,3,53,99.96666666467215
31,42,3,39,7.142857142857143,7,3020,10.0,4,61,99.96666666614074
32,42,41,1,97.61904761904762,109,3185,41.0,24,147,404.96666666615647
33,42,40,2,95.23809523809524,133,3198,52.0,1,201,514.9666666661253
34,42,42,0,100.0,454,3200,179.0,90,290,1784.9666666661014
37,42,42,0,100.0,219,4033,72.0,30,270,718.2999999984324
38,42,34,8,80.95238095238095,279,4260,127.0,3,300,1264.9666666653902
39,42,37,5,88.0952380952381,97,1498,60.5,4,91,601.6333333332229
40,42,33,9,78.57142857142857,54,1564,34.0,18,97,333.29999999983784
41,42,41,1,97.61904761904762,186,1483,92.0,24,137,916.6333333332304
42,42,38,4,90.47619047619048,117,1503,61.5,24,111,614.9666666665228
