profile_id,task_id,onset_abs_error_s,original_impact_abs_error_s,recovered_impact_abs_error_s,fall_samples_match,fall_windows_match,activity_windows_match,eligible_match,exclusion_match,regression_pass
P014,20,0.0,0.0,0.0,True,True,True,True,True,True
P014,21,8.881784197001252e-16,0.0,0.0,True,True,True,True,True,True
P014,22,8.881784197001252e-16,8.881784197001252e-16,0.0,True,True,True,True,True,True
P014,23,0.0,0.0,0.0,True,True,True,True,True,True
P014,24,0.0,8.881784197001252e-16,0.0,True,True,True,True,True,True
P014,28,0.0,0.0,0.0,True,True,True,True,True,True
P014,29,0.0,0.0,0.0,True,True,True,True,True,True
P014,30,0.0,0.0,0.0,True,True,True,True,True,True
P014,31,0.0,0.0,0.0,True,True,True,True,True,True
P014,32,0.0,0.0,0.0,True,True,True,True,True,True
P014,33,0.0,0.0,0.0,True,True,True,True,True,True
P014,34,0.0,0.0,0.0,True,True,True,True,True,True
P014,37,0.0,3.552713678800501e-15,0.0,True,True,True,True,True,True
P014,38,0.0,0.0,0.0,True,True,True,True,True,True
P014,39,8.881784197001252e-16,0.0,0.0,True,True,True,True,True,True
P014,40,0.0,0.0,0.0,True,True,True,True,True,True
P014,41,0.0,0.0,0.0,True,True,True,True,True,True
P014,42,0.0,0.0,0.0,True,True,True,True,True,True
P015,20,0.0,0.0,0.0,True,True,True,True,True,True
P015,21,8.881784197001252e-16,0.0,0.0,True,True,True,True,True,True
P015,22,8.881784197001252e-16,0.0,0.0,True,True,True,True,True,True
P015,23,0.0,0.0,0.0,True,True,True,True,True,True
P015,24,8.881784197001252e-16,0.0,0.0,True,True,True,True,True,True
P015,28,0.0,0.0,0.0,True,True,True,True,True,True
P015,29,0.0,0.0,0.0,True,True,True,True,True,True
P015,30,0.0,3.552713678800501e-15,0.0,True,True,True,True,True,True
P015,31,0.0,0.0,0.0,True,True,True,True,True,True
P015,32,0.0,3.552713678800501e-15,0.0,True,True,True,True,True,True
P015,33,0.0,0.0,0.0,True,True,True,True,True,True
P015,34,0.0,0.0,0.0,True,True,True,True,True,True
P015,37,0.0,0.0,0.0,True,True,True,True,True,True
P015,38,0.0,0.0,0.0,True,True,True,True,True,True
P015,39,0.0,0.0,0.0,True,True,True,True,True,True
P015,40,0.0,0.0,0.0,True,True,True,True,True,True
P015,41,0.0,0.0,0.0,True,True,True,True,True,True
P015,42,0.0,0.0,0.0,True,True,True,True,True,True
P016,20,0.0,0.0,0.0,True,True,True,True,True,True
P016,21,8.881784197001252e-16,8.881784197001252e-16,0.0,True,True,True,True,True,True
P016,22,8.881784197001252e-16,8.881784197001252e-16,0.0,True,True,True,True,True,True
P016,23,0.0,0.0,0.0,True,True,True,True,True,True
P016,24,0.0,0.0,0.0,True,True,True,True,True,True
P016,28,0.0,0.0,0.0,True,True,True,True,True,True
P016,29,0.0,0.0,0.0,True,True,True,True,True,True
P016,30,0.0,0.0,0.0,True,True,True,True,True,True
P016,31,0.0,0.0,0.0,True,True,True,True,True,True
P016,32,0.0,0.0,0.0,True,True,True,True,True,True
P016,33,0.0,0.0,0.0,True,True,True,True,True,True
P016,34,0.0,0.0,0.0,True,True,True,True,True,True
P016,37,0.0,7.105427357601002e-15,0.0,True,True,True,True,True,True
P016,38,0.0,3.552713678800501e-15,0.0,True,True,True,True,True,True
P016,39,0.0,0.0,0.0,True,True,True,True,True,True
P016,40,0.0,0.0,0.0,True,True,True,True,True,True
P016,41,8.881784197001252e-16,0.0,0.0,True,True,True,True,True,True
P016,42,8.881784197001252e-16,0.0,0.0,True,True,True,True,True,True
P017,20,0.0,0.0,0.0,True,True,True,True,True,True
P017,21,8.881784197001252e-16,8.881784197001252e-16,0.0,True,True,True,True,True,True
P017,22,8.881784197001252e-16,8.881784197001252e-16,0.0,True,True,True,True,True,True
P017,23,0.0,0.0,0.0,True,True,True,True,True,True
P017,24,8.881784197001252e-16,8.881784197001252e-16,0.0,True,True,True,True,True,True
P017,28,0.0,0.0,0.0,True,True,True,True,True,True
P017,29,0.0,0.0,0.0,True,True,True,True,True,True
P017,30,0.0,1.7763568394002505e-15,0.0,True,True,True,True,True,True
P017,31,0.0,0.0,0.0,True,True,True,True,True,True
P017,32,1.7763568394002505e-15,0.0,0.0,True,True,True,True,True,True
P017,33,0.0,0.0,0.0,True,True,True,True,True,True
P017,34,0.0,0.0,0.0,True,True,True,True,True,True
P017,37,0.0,0.0,0.0,True,True,True,True,True,True
P017,38,0.0,0.0,0.0,True,True,True,True,True,True
P017,39,0.0,0.0,0.0,True,True,True,True,True,True
P017,40,8.881784197001252e-16,0.0,0.0,True,True,True,True,True,True
P017,41,0.0,0.0,0.0,True,True,True,True,True,True
P017,42,0.0,0.0,0.0,True,True,True,True,True,True
P018,20,0.0,0.0,0.0,True,True,True,True,True,True
P018,21,0.0,0.0,0.0,True,True,True,True,True,True
P018,22,0.0,0.0,0.0,True,True,True,True,True,True
P018,23,0.0,0.0,0.0,True,True,True,True,True,True
P018,24,8.881784197001252e-16,8.881784197001252e-16,0.0,True,True,True,True,True,True
P018,28,0.0,0.0,0.0,True,True,True,True,True,True
P018,29,0.0,0.0,0.0,True,True,True,True,True,True
P018,30,0.0,0.0,0.0,True,True,True,True,True,True
P018,31,0.0,0.0,0.0,True,True,True,True,True,True
P018,32,0.0,0.0,0.0,True,True,True,True,True,True
P018,33,0.0,0.0,0.0,True,True,True,True,True,True
P018,34,0.0,0.0,0.0,True,True,True,True,True,True
P018,37,0.0,3.552713678800501e-15,0.0,True,True,True,True,True,True
P018,38,0.0,0.0,0.0,True,True,True,True,True,True
P018,39,0.0,0.0,0.0,True,True,True,True,True,True
P018,40,8.881784197001252e-16,0.0,0.0,True,True,True,True,True,True
P018,41,0.0,0.0,0.0,True,True,True,True,True,True
P018,42,0.0,0.0,0.0,True,True,True,True,True,True
P019,20,0.0,0.0,0.0,True,True,True,True,True,True
P019,21,8.881784197001252e-16,8.881784197001252e-16,0.0,True,True,True,True,True,True
P019,22,8.881784197001252e-16,8.881784197001252e-16,0.0,True,True,True,True,True,True
P019,23,0.0,7.105427357601002e-15,0.0,True,True,True,True,True,True
P019,24,8.881784197001252e-16,1.7763568394002505e-15,0.0,True,True,True,True,True,True
P019,28,0.0,0.0,0.0,True,True,True,True,True,True
P019,29,0.0,0.0,0.0,True,True,True,True,True,True
P019,30,0.0,0.0,0.0,True,True,True,True,True,True
P019,31,0.0,0.0,0.0,True,True,True,True,True,True
P019,32,0.0,0.0,0.0,True,True,True,True,True,True
P019,33,0.0,0.0,0.0,True,True,True,True,True,True
P019,34,0.0,8.881784197001252e-16,0.0,True,True,True,True,True,True
P019,37,0.0,0.0,0.0,True,True,True,True,True,True
P019,38,0.0,0.0,0.0,True,True,True,True,True,True
P019,39,0.0,0.0,0.0,True,True,True,True,True,True
P019,40,8.881784197001252e-16,0.0,0.0,True,True,True,True,True,True
P019,41,0.0,0.0,0.0,True,True,True,True,True,True
P019,42,0.0,0.0,0.0,True,True,True,True,True,True
P020,20,0.0,0.0,0.0,True,True,True,True,True,True
P020,21,0.0,0.0,0.0,True,True,True,True,True,True
P020,22,0.0,0.0,0.0,True,True,True,True,True,True
P020,23,0.0,0.0,0.0,True,True,True,True,True,True
P020,24,0.0,0.0,0.0,True,True,True,True,True,True
P020,28,0.0,0.0,0.0,True,True,True,True,True,True
P020,29,0.0,0.0,0.0,True,True,True,True,True,True
P020,30,0.0,0.0,0.0,True,True,True,True,True,True
P020,31,0.0,0.0,0.0,True,True,True,True,True,True
P020,32,0.0,0.0,0.0,True,True,True,True,True,True
P020,33,3.552713678800501e-15,0.0,0.0,True,True,True,True,True,True
P020,34,7.105427357601002e-15,0.0,0.0,True,True,True,True,True,True
P020,37,0.0,0.0,0.0,True,True,True,True,True,True
P020,38,0.0,0.0,0.0,True,True,True,True,True,True
P020,39,0.0,0.0,0.0,True,True,True,True,True,True
P020,40,0.0,0.0,0.0,True,True,True,True,True,True
P020,41,0.0,0.0,0.0,True,True,True,True,True,True
P020,42,0.0,0.0,0.0,True,True,True,True,True,True
P021,20,8.881784197001252e-16,0.0,0.0,True,True,True,True,True,True
P021,21,8.881784197001252e-16,8.881784197001252e-16,0.0,True,True,True,True,True,True
P021,22,8.881784197001252e-16,8.881784197001252e-16,0.0,True,True,True,True,True,True
P021,23,0.0,0.0,0.0,True,True,True,True,True,True
P021,24,8.881784197001252e-16,8.881784197001252e-16,0.0,True,True,True,True,True,True
P021,28,0.0,0.0,0.0,True,True,True,True,True,True
P021,29,0.0,0.0,0.0,True,True,True,True,True,True
P021,30,0.0,0.0,0.0,True,True,True,True,True,True
P021,31,0.0,0.0,0.0,True,True,True,True,True,True
P021,32,8.881784197001252e-16,0.0,0.0,True,True,True,True,True,True
P021,33,0.0,0.0,0.0,True,True,True,True,True,True
P021,34,0.0,0.0,0.0,True,True,True,True,True,True
P021,37,0.0,0.0,0.0,True,True,True,True,True,True
P021,38,0.0,0.0,0.0,True,True,True,True,True,True
P021,39,0.0,0.0,0.0,True,True,True,True,True,True
P021,40,0.0,0.0,0.0,True,True,True,True,True,True
P021,41,0.0,0.0,0.0,True,True,True,True,True,True
P021,42,0.0,0.0,0.0,True,True,True,True,True,True
P022,20,0.0,0.0,0.0,True,True,True,True,True,True
P022,21,0.0,0.0,0.0,True,True,True,True,True,True
P022,22,0.0,0.0,0.0,True,True,True,True,True,True
P022,23,0.0,0.0,0.0,True,True,True,True,True,True
P022,24,8.881784197001252e-16,8.881784197001252e-16,0.0,True,True,True,True,True,True
P022,28,0.0,0.0,0.0,True,True,True,True,True,True
P022,29,0.0,0.0,0.0,True,True,True,True,True,True
P022,30,0.0,0.0,0.0,True,True,True,True,True,True
P022,31,0.0,0.0,0.0,True,True,True,True,True,True
P022,32,0.0,0.0,0.0,True,True,True,True,True,True
P022,33,0.0,0.0,0.0,True,True,True,True,True,True
P022,34,0.0,0.0,0.0,True,True,True,True,True,True
P022,37,0.0,0.0,0.0,True,True,True,True,True,True
P022,38,0.0,0.0,0.0,True,True,True,True,True,True
P022,39,8.881784197001252e-16,0.0,0.0,True,True,True,True,True,True
P022,40,8.881784197001252e-16,0.0,0.0,True,True,True,True,True,True
P022,41,0.0,0.0,0.0,True,True,True,True,True,True
P022,42,0.0,0.0,0.0,True,True,True,True,True,True
P023,20,0.0,0.0,0.0,True,True,True,True,True,True
P023,21,8.881784197001252e-16,8.881784197001252e-16,0.0,True,True,True,True,True,True
P023,22,8.881784197001252e-16,8.881784197001252e-16,0.0,True,True,True,True,True,True
P023,23,0.0,0.0,0.0,True,True,True,True,True,True
P023,24,8.881784197001252e-16,0.0,0.0,True,True,True,True,True,True
P023,28,0.0,8.881784197001252e-16,0.0,True,True,True,True,True,True
P023,29,8.881784197001252e-16,0.0,0.0,True,True,True,True,True,True
P023,30,0.0,0.0,0.0,True,True,True,True,True,True
P023,31,0.0,0.0,0.0,True,True,True,True,True,True
P023,32,0.0,0.0,0.0,True,True,True,True,True,True
P023,33,0.0,0.0,0.0,True,True,True,True,True,True
P023,34,0.0,1.7763568394002505e-15,0.0,True,True,True,True,True,True
P023,37,0.0,0.0,0.0,True,True,True,True,True,True
P023,38,0.0,0.0,0.0,True,True,True,True,True,True
P023,39,8.881784197001252e-16,0.0,0.0,True,True,True,True,True,True
P023,40,0.0,0.0,0.0,True,True,True,True,True,True
P023,41,0.0,0.0,0.0,True,True,True,True,True,True
P023,42,0.0,0.0,0.0,True,True,True,True,True,True
P024,20,0.0,0.0,0.0,True,True,True,True,True,True
P024,21,8.881784197001252e-16,0.0,0.0,True,True,True,True,True,True
P024,22,8.881784197001252e-16,0.0,0.0,True,True,True,True,True,True
P024,23,0.0,0.0,0.0,True,True,True,True,True,True
P024,24,0.0,0.0,0.0,True,True,True,True,True,True
P024,28,0.0,0.0,0.0,True,True,True,True,True,True
P024,29,0.0,0.0,0.0,True,True,True,True,True,True
P024,30,0.0,0.0,0.0,True,True,True,True,True,True
P024,31,0.0,0.0,0.0,True,True,True,True,True,True
P024,32,0.0,0.0,0.0,True,True,True,True,True,True
P024,33,0.0,0.0,0.0,True,True,True,True,True,True
P024,34,0.0,0.0,0.0,True,True,True,True,True,True
P024,37,0.0,7.105427357601002e-15,0.0,True,True,True,True,True,True
P024,38,3.552713678800501e-15,0.0,0.0,True,True,True,True,True,True
P024,39,0.0,0.0,0.0,True,True,True,True,True,True
P024,40,0.0,0.0,0.0,True,True,True,True,True,True
P024,41,0.0,0.0,0.0,True,True,True,True,True,True
P024,42,0.0,0.0,0.0,True,True,True,True,True,True
P025,20,0.0,0.0,0.0,True,True,True,True,True,True
P025,21,8.881784197001252e-16,0.0,0.0,True,True,True,True,True,True
P025,22,8.881784197001252e-16,0.0,0.0,True,True,True,True,True,True
P025,23,0.0,1.7763568394002505e-15,0.0,True,True,True,True,True,True
P025,24,8.881784197001252e-16,0.0,0.0,True,True,True,True,True,True
P025,28,8.881784197001252e-16,0.0,0.0,True,True,True,True,True,True
P025,29,8.881784197001252e-16,0.0,0.0,True,True,True,True,True,True
P025,30,8.881784197001252e-16,0.0,0.0,True,True,True,True,True,True
P025,31,8.881784197001252e-16,0.0,0.0,True,True,True,True,True,True
P025,32,8.881784197001252e-16,0.0,0.0,True,True,True,True,True,True
P025,33,8.881784197001252e-16,0.0,0.0,True,True,True,True,True,True
P025,34,8.881784197001252e-16,0.0,0.0,True,True,True,True,True,True
P025,37,0.0,0.0,0.0,True,True,True,True,True,True
P025,38,0.0,0.0,0.0,True,True,True,True,True,True
P025,39,0.0,0.0,0.0,True,True,True,True,True,True
P025,40,8.881784197001252e-16,0.0,0.0,True,True,True,True,True,True
P025,41,0.0,0.0,0.0,True,True,True,True,True,True
P025,42,0.0,0.0,0.0,True,True,True,True,True,True
P026,20,0.0,0.0,0.0,True,True,True,True,True,True
P026,21,8.881784197001252e-16,8.881784197001252e-16,0.0,True,True,True,True,True,True
P026,22,8.881784197001252e-16,8.881784197001252e-16,0.0,True,True,True,True,True,True
P026,23,8.881784197001252e-16,0.0,0.0,True,True,True,True,True,True
P026,24,8.881784197001252e-16,8.881784197001252e-16,0.0,True,True,True,True,True,True
P026,28,0.0,0.0,0.0,True,True,True,True,True,True
P026,29,0.0,0.0,0.0,True,True,True,True,True,True
P026,30,0.0,0.0,0.0,True,True,True,True,True,True
P026,31,0.0,0.0,0.0,True,True,True,True,True,True
P026,32,0.0,0.0,0.0,True,True,True,True,True,True
P026,33,0.0,0.0,0.0,True,True,True,True,True,True
P026,34,0.0,0.0,0.0,True,True,True,True,True,True
P026,37,1.7763568394002505e-15,0.0,0.0,True,True,True,True,True,True
P026,38,0.0,1.7763568394002505e-15,0.0,True,True,True,True,True,True
P026,39,0.0,0.0,0.0,True,True,True,True,True,True
P026,40,0.0,0.0,0.0,True,True,True,True,True,True
P026,41,0.0,0.0,0.0,True,True,True,True,True,True
P026,42,0.0,0.0,0.0,True,True,True,True,True,True
P027,20,0.0,0.0,0.0,True,True,True,True,True,True
P027,21,0.0,8.881784197001252e-16,0.0,True,True,True,True,True,True
P027,22,0.0,0.0,0.0,True,True,True,True,True,True
P027,23,0.0,0.0,0.0,True,True,True,True,True,True
P027,24,8.881784197001252e-16,8.881784197001252e-16,0.0,True,True,True,True,True,True
P027,28,0.0,0.0,0.0,True,True,True,True,True,True
P027,29,0.0,0.0,0.0,True,True,True,True,True,True
P027,30,3.552713678800501e-15,0.0,0.0,True,True,True,True,True,True
P027,31,0.0,0.0,0.0,True,True,True,True,True,True
P027,32,0.0,0.0,0.0,True,True,True,True,True,True
P027,33,0.0,0.0,0.0,True,True,True,True,True,True
P027,34,0.0,7.105427357601002e-15,0.0,True,True,True,True,True,True
P027,37,0.0,0.0,0.0,True,True,True,True,True,True
P027,38,0.0,3.552713678800501e-15,0.0,True,True,True,True,True,True
P027,39,0.0,0.0,0.0,True,True,True,True,True,True
P027,40,0.0,0.0,0.0,True,True,True,True,True,True
P027,41,0.0,0.0,0.0,True,True,True,True,True,True
P027,42,0.0,0.0,0.0,True,True,True,True,True,True
P028,20,0.0,0.0,0.0,True,True,True,True,True,True
P028,21,8.881784197001252e-16,8.881784197001252e-16,0.0,True,True,True,True,True,True
P028,22,8.881784197001252e-16,8.881784197001252e-16,0.0,True,True,True,True,True,True
P028,23,0.0,0.0,0.0,True,True,True,True,True,True
P028,24,8.881784197001252e-16,8.881784197001252e-16,0.0,True,True,True,True,True,True
P028,28,0.0,0.0,0.0,True,True,True,True,True,True
P028,29,0.0,0.0,0.0,True,True,True,True,True,True
P028,30,0.0,0.0,0.0,True,True,True,True,True,True
P028,31,0.0,0.0,0.0,True,True,True,True,True,True
P028,32,0.0,0.0,0.0,True,True,True,True,True,True
P028,33,0.0,0.0,0.0,True,True,True,True,True,True
P028,34,0.0,0.0,0.0,True,True,True,True,True,True
P028,37,1.7763568394002505e-15,1.7763568394002505e-15,0.0,True,True,True,True,True,True
P028,38,0.0,1.7763568394002505e-15,0.0,True,True,True,True,True,True
P028,39,0.0,0.0,0.0,True,True,True,True,True,True
P028,40,0.0,0.0,0.0,True,True,True,True,True,True
P028,41,0.0,0.0,0.0,True,True,True,True,True,True
P028,42,0.0,8.881784197001252e-16,0.0,True,True,True,True,True,True
P029,20,0.0,0.0,0.0,True,True,True,True,True,True
P029,21,0.0,0.0,0.0,True,True,True,True,True,True
P029,22,0.0,0.0,0.0,True,True,True,True,True,True
P029,23,0.0,0.0,0.0,True,True,True,True,True,True
P029,24,8.881784197001252e-16,0.0,0.0,True,True,True,True,True,True
P029,28,0.0,0.0,0.0,True,True,True,True,True,True
P029,29,0.0,0.0,0.0,True,True,True,True,True,True
P029,30,0.0,8.881784197001252e-16,0.0,True,True,True,True,True,True
P029,31,0.0,0.0,0.0,True,True,True,True,True,True
P029,32,0.0,0.0,0.0,True,True,True,True,True,True
P029,33,0.0,0.0,0.0,True,True,True,True,True,True
P029,34,0.0,0.0,0.0,True,True,True,True,True,True
P029,37,0.0,0.0,0.0,True,True,True,True,True,True
P029,38,0.0,0.0,0.0,True,True,True,True,True,True
P029,39,8.881784197001252e-16,0.0,0.0,True,True,True,True,True,True
P029,40,0.0,0.0,0.0,True,True,True,True,True,True
P029,41,0.0,0.0,0.0,True,True,True,True,True,True
P029,42,0.0,0.0,0.0,True,True,True,True,True,True
P030,20,0.0,0.0,0.0,True,True,True,True,True,True
P030,21,0.0,8.881784197001252e-16,0.0,True,True,True,True,True,True
P030,22,0.0,0.0,0.0,True,True,True,True,True,True
P030,23,0.0,0.0,0.0,True,True,True,True,True,True
P030,24,0.0,0.0,0.0,True,True,True,True,True,True
P030,28,3.552713678800501e-15,7.105427357601002e-15,0.0,True,True,True,True,True,True
P030,29,0.0,0.0,0.0,True,True,True,True,True,True
P030,30,3.552713678800501e-15,0.0,0.0,True,True,True,True,True,True
P030,31,0.0,7.105427357601002e-15,0.0,True,True,True,True,True,True
P030,32,0.0,0.0,0.0,True,True,True,True,True,True
P030,33,0.0,0.0,0.0,True,True,True,True,True,True
P030,34,0.0,0.0,0.0,True,True,True,True,True,True
P030,37,3.552713678800501e-15,3.552713678800501e-15,0.0,True,True,True,True,True,True
P030,38,0.0,0.0,0.0,True,True,True,True,True,True
P030,39,0.0,0.0,0.0,True,True,True,True,True,True
P030,40,0.0,0.0,0.0,True,True,True,True,True,True
P030,41,0.0,0.0,0.0,True,True,True,True,True,True
P030,42,0.0,0.0,0.0,True,True,True,True,True,True
P031,20,0.0,0.0,0.0,True,True,True,True,True,True
P031,21,8.881784197001252e-16,0.0,0.0,True,True,True,True,True,True
P031,22,8.881784197001252e-16,0.0,0.0,True,True,True,True,True,True
P031,23,0.0,0.0,0.0,True,True,True,True,True,True
P031,24,8.881784197001252e-16,8.881784197001252e-16,0.0,True,True,True,True,True,True
P031,28,0.0,0.0,0.0,True,True,True,True,True,True
P031,29,0.0,0.0,0.0,True,True,True,True,True,True
P031,30,0.0,0.0,0.0,True,True,True,True,True,True
P031,31,0.0,0.0,0.0,True,True,True,True,True,True
P031,32,0.0,0.0,0.0,True,True,True,True,True,True
P031,33,0.0,0.0,0.0,True,True,True,True,True,True
P031,34,0.0,0.0,0.0,True,True,True,True,True,True
P031,37,0.0,0.0,0.0,True,True,True,True,True,True
P031,38,0.0,0.0,0.0,True,True,True,True,True,True
P031,39,0.0,0.0,0.0,True,True,True,True,True,True
P031,40,0.0,0.0,0.0,True,True,True,True,True,True
P031,41,0.0,0.0,0.0,True,True,True,True,True,True
P031,42,0.0,0.0,0.0,True,True,True,True,True,True
P032,20,0.0,0.0,0.0,True,True,True,True,True,True
P032,21,8.881784197001252e-16,0.0,0.0,True,True,True,True,True,True
P032,22,8.881784197001252e-16,0.0,0.0,True,True,True,True,True,True
P032,23,0.0,0.0,0.0,True,True,True,True,True,True
P032,24,8.881784197001252e-16,0.0,0.0,True,True,True,True,True,True
P032,28,0.0,0.0,0.0,True,True,True,True,True,True
P032,29,0.0,0.0,0.0,True,True,True,True,True,True
P032,30,8.881784197001252e-16,0.0,0.0,True,True,True,True,True,True
P032,31,8.881784197001252e-16,0.0,0.0,True,True,True,True,True,True
P032,32,0.0,0.0,0.0,True,True,True,True,True,True
P032,33,0.0,0.0,0.0,True,True,True,True,True,True
P032,34,0.0,0.0,0.0,True,True,True,True,True,True
P032,37,0.0,0.0,0.0,True,True,True,True,True,True
P032,38,0.0,0.0,0.0,True,True,True,True,True,True
P032,39,0.0,0.0,0.0,True,True,True,True,True,True
P032,40,0.0,0.0,0.0,True,True,True,True,True,True
P032,41,0.0,0.0,0.0,True,True,True,True,True,True
P032,42,0.0,0.0,0.0,True,True,True,True,True,True
P033,20,0.0,0.0,0.0,True,True,True,True,True,True
P033,21,0.0,0.0,0.0,True,True,True,True,True,True
P033,22,0.0,0.0,0.0,True,True,True,True,True,True
P033,23,0.0,0.0,0.0,True,True,True,True,True,True
P033,24,0.0,0.0,0.0,True,True,True,True,True,True
P033,28,7.105427357601002e-15,0.0,0.0,True,True,True,True,True,True
P033,29,0.0,0.0,0.0,True,True,True,True,True,True
P033,30,0.0,0.0,0.0,True,True,True,True,True,True
P033,31,0.0,0.0,0.0,True,True,True,True,True,True
P033,32,0.0,7.105427357601002e-15,0.0,True,True,True,True,True,True
P033,33,0.0,0.0,0.0,True,True,True,True,True,True
P033,34,7.105427357601002e-15,3.552713678800501e-15,0.0,True,True,True,True,True,True
P033,37,3.552713678800501e-15,0.0,0.0,True,True,True,True,True,True
P033,38,0.0,0.0,0.0,True,True,True,True,True,True
P033,39,0.0,0.0,0.0,True,True,True,True,True,True
P033,40,0.0,0.0,0.0,True,True,True,True,True,True
P033,41,0.0,0.0,0.0,True,True,True,True,True,True
P033,42,0.0,0.0,0.0,True,True,True,True,True,True
P034,20,0.0,0.0,0.0,True,True,True,True,True,True
P034,21,0.0,0.0,0.0,True,True,True,True,True,True
P034,22,0.0,0.0,0.0,True,True,True,True,True,True
P034,23,0.0,0.0,0.0,True,True,True,True,True,True
P034,24,8.881784197001252e-16,0.0,0.0,True,True,True,True,True,True
P034,28,0.0,0.0,0.0,True,True,True,True,True,True
P034,29,0.0,0.0,0.0,True,True,True,True,True,True
P034,30,0.0,0.0,0.0,True,True,True,True,True,True
P034,31,8.881784197001252e-16,1.7763568394002505e-15,0.0,True,True,True,True,True,True
P034,32,0.0,0.0,0.0,True,True,True,True,True,True
P034,33,0.0,0.0,0.0,True,True,True,True,True,True
P034,34,0.0,0.0,0.0,True,True,True,True,True,True
P034,37,0.0,0.0,0.0,True,True,True,True,True,True
P034,38,0.0,0.0,0.0,True,True,True,True,True,True
P034,39,0.0,0.0,0.0,True,True,True,True,True,True
P034,40,0.0,0.0,0.0,True,True,True,True,True,True
P034,41,0.0,0.0,0.0,True,True,True,True,True,True
P034,42,0.0,0.0,0.0,True,True,True,True,True,True
P035,20,0.0,0.0,0.0,True,True,True,True,True,True
P035,21,8.881784197001252e-16,8.881784197001252e-16,0.0,True,True,True,True,True,True
P035,22,8.881784197001252e-16,8.881784197001252e-16,0.0,True,True,True,True,True,True
P035,23,0.0,0.0,0.0,True,True,True,True,True,True
P035,24,8.881784197001252e-16,0.0,0.0,True,True,True,True,True,True
P035,28,0.0,0.0,0.0,True,True,True,True,True,True
P035,29,0.0,0.0,0.0,True,True,True,True,True,True
P035,30,0.0,0.0,0.0,True,True,True,True,True,True
P035,31,0.0,0.0,0.0,True,True,True,True,True,True
P035,32,0.0,0.0,0.0,True,True,True,True,True,True
P035,33,0.0,0.0,0.0,True,True,True,True,True,True
P035,34,0.0,0.0,0.0,True,True,True,True,True,True
P035,37,0.0,0.0,0.0,True,True,True,True,True,True
P035,38,0.0,3.552713678800501e-15,0.0,True,True,True,True,True,True
P035,39,0.0,0.0,0.0,True,True,True,True,True,True
P035,40,0.0,0.0,0.0,True,True,True,True,True,True
P035,41,0.0,0.0,0.0,True,True,True,True,True,True
P035,42,0.0,0.0,0.0,True,True,True,True,True,True
