manifest_key,files_containing_key,example_manifest
scenario,756,/mnt/hdd16T/ToqeerHomeBackup/mujoco_project/outputs/_highrate_overnight/campaign_highrate_truth_v3_rne_corrected396/runs/P014/task_20/scenario20_age20_h1p52_sex_female_w48p0_20260826_105752/run_manifest.json
scenario.category,756,/mnt/hdd16T/ToqeerHomeBackup/mujoco_project/outputs/_highrate_overnight/campaign_highrate_truth_v3_rne_corrected396/runs/P014/task_20/scenario20_age20_h1p52_sex_female_w48p0_20260826_105752/run_manifest.json
scenario.description,756,/mnt/hdd16T/ToqeerHomeBackup/mujoco_project/outputs/_highrate_overnight/campaign_highrate_truth_v3_rne_corrected396/runs/P014/task_20/scenario20_age20_h1p52_sex_female_w48p0_20260826_105752/run_manifest.json
scenario.id,756,/mnt/hdd16T/ToqeerHomeBackup/mujoco_project/outputs/_highrate_overnight/campaign_highrate_truth_v3_rne_corrected396/runs/P014/task_20/scenario20_age20_h1p52_sex_female_w48p0_20260826_105752/run_manifest.json
subject,756,/mnt/hdd16T/ToqeerHomeBackup/mujoco_project/outputs/_highrate_overnight/campaign_highrate_truth_v3_rne_corrected396/runs/P014/task_20/scenario20_age20_h1p52_sex_female_w48p0_20260826_105752/run_manifest.json
subject.age,756,/mnt/hdd16T/ToqeerHomeBackup/mujoco_project/outputs/_highrate_overnight/campaign_highrate_truth_v3_rne_corrected396/runs/P014/task_20/scenario20_age20_h1p52_sex_female_w48p0_20260826_105752/run_manifest.json
subject.height_m,756,/mnt/hdd16T/ToqeerHomeBackup/mujoco_project/outputs/_highrate_overnight/campaign_highrate_truth_v3_rne_corrected396/runs/P014/task_20/scenario20_age20_h1p52_sex_female_w48p0_20260826_105752/run_manifest.json
subject.requested_weight_kg,756,/mnt/hdd16T/ToqeerHomeBackup/mujoco_project/outputs/_highrate_overnight/campaign_highrate_truth_v3_rne_corrected396/runs/P014/task_20/scenario20_age20_h1p52_sex_female_w48p0_20260826_105752/run_manifest.json
subject.resolved_weight_kg,756,/mnt/hdd16T/ToqeerHomeBackup/mujoco_project/outputs/_highrate_overnight/campaign_highrate_truth_v3_rne_corrected396/runs/P014/task_20/scenario20_age20_h1p52_sex_female_w48p0_20260826_105752/run_manifest.json
subject.sex,756,/mnt/hdd16T/ToqeerHomeBackup/mujoco_project/outputs/_highrate_overnight/campaign_highrate_truth_v3_rne_corrected396/runs/P014/task_20/scenario20_age20_h1p52_sex_female_w48p0_20260826_105752/run_manifest.json
subject.target_bmi,756,/mnt/hdd16T/ToqeerHomeBackup/mujoco_project/outputs/_highrate_overnight/campaign_highrate_truth_v3_rne_corrected396/runs/P014/task_20/scenario20_age20_h1p52_sex_female_w48p0_20260826_105752/run_manifest.json
subject.weight_display,756,/mnt/hdd16T/ToqeerHomeBackup/mujoco_project/outputs/_highrate_overnight/campaign_highrate_truth_v3_rne_corrected396/runs/P014/task_20/scenario20_age20_h1p52_sex_female_w48p0_20260826_105752/run_manifest.json
summary,756,/mnt/hdd16T/ToqeerHomeBackup/mujoco_project/outputs/_highrate_overnight/campaign_highrate_truth_v3_rne_corrected396/runs/P014/task_20/scenario20_age20_h1p52_sex_female_w48p0_20260826_105752/run_manifest.json
summary.authenticity,756,/mnt/hdd16T/ToqeerHomeBackup/mujoco_project/outputs/_highrate_overnight/campaign_highrate_truth_v3_rne_corrected396/runs/P014/task_20/scenario20_age20_h1p52_sex_female_w48p0_20260826_105752/run_manifest.json
summary.classification,756,/mnt/hdd16T/ToqeerHomeBackup/mujoco_project/outputs/_highrate_overnight/campaign_highrate_truth_v3_rne_corrected396/runs/P014/task_20/scenario20_age20_h1p52_sex_female_w48p0_20260826_105752/run_manifest.json
summary.description,756,/mnt/hdd16T/ToqeerHomeBackup/mujoco_project/outputs/_highrate_overnight/campaign_highrate_truth_v3_rne_corrected396/runs/P014/task_20/scenario20_age20_h1p52_sex_female_w48p0_20260826_105752/run_manifest.json
summary.event_summary,756,/mnt/hdd16T/ToqeerHomeBackup/mujoco_project/outputs/_highrate_overnight/campaign_highrate_truth_v3_rne_corrected396/runs/P014/task_20/scenario20_age20_h1p52_sex_female_w48p0_20260826_105752/run_manifest.json
summary.event_summary.available,756,/mnt/hdd16T/ToqeerHomeBackup/mujoco_project/outputs/_highrate_overnight/campaign_highrate_truth_v3_rne_corrected396/runs/P014/task_20/scenario20_age20_h1p52_sex_female_w48p0_20260826_105752/run_manifest.json
summary.event_summary.fall_duration_s,756,/mnt/hdd16T/ToqeerHomeBackup/mujoco_project/outputs/_highrate_overnight/campaign_highrate_truth_v3_rne_corrected396/runs/P014/task_20/scenario20_age20_h1p52_sex_female_w48p0_20260826_105752/run_manifest.json
summary.event_summary.impact_idx,756,/mnt/hdd16T/ToqeerHomeBackup/mujoco_project/outputs/_highrate_overnight/campaign_highrate_truth_v3_rne_corrected396/runs/P014/task_20/scenario20_age20_h1p52_sex_female_w48p0_20260826_105752/run_manifest.json
summary.event_summary.impact_time,756,/mnt/hdd16T/ToqeerHomeBackup/mujoco_project/outputs/_highrate_overnight/campaign_highrate_truth_v3_rne_corrected396/runs/P014/task_20/scenario20_age20_h1p52_sex_female_w48p0_20260826_105752/run_manifest.json
summary.event_summary.lead_time_ms,756,/mnt/hdd16T/ToqeerHomeBackup/mujoco_project/outputs/_highrate_overnight/campaign_highrate_truth_v3_rne_corrected396/runs/P014/task_20/scenario20_age20_h1p52_sex_female_w48p0_20260826_105752/run_manifest.json
summary.event_summary.onset_idx,756,/mnt/hdd16T/ToqeerHomeBackup/mujoco_project/outputs/_highrate_overnight/campaign_highrate_truth_v3_rne_corrected396/runs/P014/task_20/scenario20_age20_h1p52_sex_female_w48p0_20260826_105752/run_manifest.json
summary.event_summary.onset_time,756,/mnt/hdd16T/ToqeerHomeBackup/mujoco_project/outputs/_highrate_overnight/campaign_highrate_truth_v3_rne_corrected396/runs/P014/task_20/scenario20_age20_h1p52_sex_female_w48p0_20260826_105752/run_manifest.json
summary.event_summary.settle_idx,756,/mnt/hdd16T/ToqeerHomeBackup/mujoco_project/outputs/_highrate_overnight/campaign_highrate_truth_v3_rne_corrected396/runs/P014/task_20/scenario20_age20_h1p52_sex_female_w48p0_20260826_105752/run_manifest.json
summary.event_summary.settle_time,756,/mnt/hdd16T/ToqeerHomeBackup/mujoco_project/outputs/_highrate_overnight/campaign_highrate_truth_v3_rne_corrected396/runs/P014/task_20/scenario20_age20_h1p52_sex_female_w48p0_20260826_105752/run_manifest.json
summary.imu_csv,756,/mnt/hdd16T/ToqeerHomeBackup/mujoco_project/outputs/_highrate_overnight/campaign_highrate_truth_v3_rne_corrected396/runs/P014/task_20/scenario20_age20_h1p52_sex_female_w48p0_20260826_105752/run_manifest.json
summary.kfall_compliant,756,/mnt/hdd16T/ToqeerHomeBackup/mujoco_project/outputs/_highrate_overnight/campaign_highrate_truth_v3_rne_corrected396/runs/P014/task_20/scenario20_age20_h1p52_sex_female_w48p0_20260826_105752/run_manifest.json
summary.output_dir,756,/mnt/hdd16T/ToqeerHomeBackup/mujoco_project/outputs/_highrate_overnight/campaign_highrate_truth_v3_rne_corrected396/runs/P014/task_20/scenario20_age20_h1p52_sex_female_w48p0_20260826_105752/run_manifest.json
summary.output_prefix,756,/mnt/hdd16T/ToqeerHomeBackup/mujoco_project/outputs/_highrate_overnight/campaign_highrate_truth_v3_rne_corrected396/runs/P014/task_20/scenario20_age20_h1p52_sex_female_w48p0_20260826_105752/run_manifest.json
summary.overall_score,756,/mnt/hdd16T/ToqeerHomeBackup/mujoco_project/outputs/_highrate_overnight/campaign_highrate_truth_v3_rne_corrected396/runs/P014/task_20/scenario20_age20_h1p52_sex_female_w48p0_20260826_105752/run_manifest.json
summary.scenario_id,756,/mnt/hdd16T/ToqeerHomeBackup/mujoco_project/outputs/_highrate_overnight/campaign_highrate_truth_v3_rne_corrected396/runs/P014/task_20/scenario20_age20_h1p52_sex_female_w48p0_20260826_105752/run_manifest.json
summary.sisfall_compliant,756,/mnt/hdd16T/ToqeerHomeBackup/mujoco_project/outputs/_highrate_overnight/campaign_highrate_truth_v3_rne_corrected396/runs/P014/task_20/scenario20_age20_h1p52_sex_female_w48p0_20260826_105752/run_manifest.json
summary.validation_report,756,/mnt/hdd16T/ToqeerHomeBackup/mujoco_project/outputs/_highrate_overnight/campaign_highrate_truth_v3_rne_corrected396/runs/P014/task_20/scenario20_age20_h1p52_sex_female_w48p0_20260826_105752/run_manifest.json
