check,pass,detail
canonical_manifest_exists,True,/mnt/hdd16T/ToqeerHomeBackup/mujoco_project/outputs/phase2_publication_gate_expanded42_v2/final_synthetic_event_policy_v2/canonical_synthetic_event_manifest_expanded42_v2.csv
canonical_rows_756,True,756
canonical_profiles_42,True,42
canonical_tasks_18,True,18
canonical_gate_pass,True,True
cache_X_exists,True,/mnt/hdd16T/ToqeerHomeBackup/mujoco_project/outputs/protechto_exact_synthetic_cache_expanded42_v2/synthetic_X_protechto_rawunits.npy
cache_y_exists,True,/mnt/hdd16T/ToqeerHomeBackup/mujoco_project/outputs/protechto_exact_synthetic_cache_expanded42_v2/synthetic_y01.npy
cache_metadata_exists,True,/mnt/hdd16T/ToqeerHomeBackup/mujoco_project/outputs/protechto_exact_synthetic_cache_expanded42_v2/synthetic_metadata_resolved.csv
cache_shape_N30x9,True,"(36779, 30, 9)"
cache_lengths_match,True,X=36779 y=36779 meta=36779
cache_profiles_42,True,42
cache_tasks_18,True,18
cache_trajectory_count_matches_canonical_eligible,True,"cache=591, canonical=591"
cache_activity_matches_canonical,True,"{'total': 36779, 'activity': 34303, 'falling': 2476}"
cache_falling_matches_canonical,True,"{'total': 36779, 'activity': 34303, 'falling': 2476}"
physical_test_total_pools_to_1297167,True,1297167
physical_test_activity_pools_correctly,True,1287361
physical_test_falling_pools_correctly,True,9806
simulator_only_trajectory_overlap_zero,True,trajectory split
simulator_only_test_trajectories_partition_full_pool,True,591
campaign_complete_marker,True,/mnt/hdd16T/ToqeerHomeBackup/mujoco_project/outputs/protechto_exact_full_campaign_expanded42_v2/FINAL_CAMPAIGN_COMPLETE
result_root_exists,True,/mnt/hdd16T/ToqeerHomeBackup/toqeer/Protechto-master/results/CNN/300ms/PROTECHTO_EXACT_EXPANDED42_20260926_170835
real_only_fold1_y_true_exists,True,/mnt/hdd16T/ToqeerHomeBackup/toqeer/Protechto-master/results/CNN/300ms/PROTECHTO_EXACT_EXPANDED42_20260926_170835/EXP01_REAL_ONLY/1/y_true.npy
physical_fold1_test_total,True,450947 vs 450947
physical_fold1_test_activity,True,449383
physical_fold1_test_falling,True,1564
EXP01_REAL_ONLY_fold1_y_true_exists,True,/mnt/hdd16T/ToqeerHomeBackup/toqeer/Protechto-master/results/CNN/300ms/PROTECHTO_EXACT_EXPANDED42_20260926_170835/EXP01_REAL_ONLY/1/y_true.npy
EXP01_REAL_ONLY_fold1_heldout_test_identical,True,EXP01_REAL_ONLY
EXP04_MIX20_fold1_y_true_exists,True,/mnt/hdd16T/ToqeerHomeBackup/toqeer/Protechto-master/results/CNN/300ms/PROTECHTO_EXACT_EXPANDED42_20260926_170835/EXP04_MIX20/1/y_true.npy
EXP04_MIX20_fold1_heldout_test_identical,True,EXP04_MIX20
EXP05_MIX50_fold1_y_true_exists,True,/mnt/hdd16T/ToqeerHomeBackup/toqeer/Protechto-master/results/CNN/300ms/PROTECHTO_EXACT_EXPANDED42_20260926_170835/EXP05_MIX50/1/y_true.npy
EXP05_MIX50_fold1_heldout_test_identical,True,EXP05_MIX50
EXP06_MIX70_fold1_y_true_exists,True,/mnt/hdd16T/ToqeerHomeBackup/toqeer/Protechto-master/results/CNN/300ms/PROTECHTO_EXACT_EXPANDED42_20260926_170835/EXP06_MIX70/1/y_true.npy
EXP06_MIX70_fold1_heldout_test_identical,True,EXP06_MIX70
EXP07_MIX100_fold1_y_true_exists,True,/mnt/hdd16T/ToqeerHomeBackup/toqeer/Protechto-master/results/CNN/300ms/PROTECHTO_EXACT_EXPANDED42_20260926_170835/EXP07_MIX100/1/y_true.npy
EXP07_MIX100_fold1_heldout_test_identical,True,EXP07_MIX100
real_only_fold2_y_true_exists,True,/mnt/hdd16T/ToqeerHomeBackup/toqeer/Protechto-master/results/CNN/300ms/PROTECHTO_EXACT_EXPANDED42_20260926_170835/EXP01_REAL_ONLY/2/y_true.npy
physical_fold2_test_total,True,296080 vs 296080
physical_fold2_test_activity,True,294222
physical_fold2_test_falling,True,1858
EXP01_REAL_ONLY_fold2_y_true_exists,True,/mnt/hdd16T/ToqeerHomeBackup/toqeer/Protechto-master/results/CNN/300ms/PROTECHTO_EXACT_EXPANDED42_20260926_170835/EXP01_REAL_ONLY/2/y_true.npy
EXP01_REAL_ONLY_fold2_heldout_test_identical,True,EXP01_REAL_ONLY
EXP04_MIX20_fold2_y_true_exists,True,/mnt/hdd16T/ToqeerHomeBackup/toqeer/Protechto-master/results/CNN/300ms/PROTECHTO_EXACT_EXPANDED42_20260926_170835/EXP04_MIX20/2/y_true.npy
EXP04_MIX20_fold2_heldout_test_identical,True,EXP04_MIX20
EXP05_MIX50_fold2_y_true_exists,True,/mnt/hdd16T/ToqeerHomeBackup/toqeer/Protechto-master/results/CNN/300ms/PROTECHTO_EXACT_EXPANDED42_20260926_170835/EXP05_MIX50/2/y_true.npy
EXP05_MIX50_fold2_heldout_test_identical,True,EXP05_MIX50
EXP06_MIX70_fold2_y_true_exists,True,/mnt/hdd16T/ToqeerHomeBackup/toqeer/Protechto-master/results/CNN/300ms/PROTECHTO_EXACT_EXPANDED42_20260926_170835/EXP06_MIX70/2/y_true.npy
EXP06_MIX70_fold2_heldout_test_identical,True,EXP06_MIX70
EXP07_MIX100_fold2_y_true_exists,True,/mnt/hdd16T/ToqeerHomeBackup/toqeer/Protechto-master/results/CNN/300ms/PROTECHTO_EXACT_EXPANDED42_20260926_170835/EXP07_MIX100/2/y_true.npy
EXP07_MIX100_fold2_heldout_test_identical,True,EXP07_MIX100
real_only_fold3_y_true_exists,True,/mnt/hdd16T/ToqeerHomeBackup/toqeer/Protechto-master/results/CNN/300ms/PROTECHTO_EXACT_EXPANDED42_20260926_170835/EXP01_REAL_ONLY/3/y_true.npy
physical_fold3_test_total,True,201537 vs 201537
physical_fold3_test_activity,True,199628
physical_fold3_test_falling,True,1909
EXP01_REAL_ONLY_fold3_y_true_exists,True,/mnt/hdd16T/ToqeerHomeBackup/toqeer/Protechto-master/results/CNN/300ms/PROTECHTO_EXACT_EXPANDED42_20260926_170835/EXP01_REAL_ONLY/3/y_true.npy
EXP01_REAL_ONLY_fold3_heldout_test_identical,True,EXP01_REAL_ONLY
EXP04_MIX20_fold3_y_true_exists,True,/mnt/hdd16T/ToqeerHomeBackup/toqeer/Protechto-master/results/CNN/300ms/PROTECHTO_EXACT_EXPANDED42_20260926_170835/EXP04_MIX20/3/y_true.npy
EXP04_MIX20_fold3_heldout_test_identical,True,EXP04_MIX20
EXP05_MIX50_fold3_y_true_exists,True,/mnt/hdd16T/ToqeerHomeBackup/toqeer/Protechto-master/results/CNN/300ms/PROTECHTO_EXACT_EXPANDED42_20260926_170835/EXP05_MIX50/3/y_true.npy
EXP05_MIX50_fold3_heldout_test_identical,True,EXP05_MIX50
EXP06_MIX70_fold3_y_true_exists,True,/mnt/hdd16T/ToqeerHomeBackup/toqeer/Protechto-master/results/CNN/300ms/PROTECHTO_EXACT_EXPANDED42_20260926_170835/EXP06_MIX70/3/y_true.npy
EXP06_MIX70_fold3_heldout_test_identical,True,EXP06_MIX70
EXP07_MIX100_fold3_y_true_exists,True,/mnt/hdd16T/ToqeerHomeBackup/toqeer/Protechto-master/results/CNN/300ms/PROTECHTO_EXACT_EXPANDED42_20260926_170835/EXP07_MIX100/3/y_true.npy
EXP07_MIX100_fold3_heldout_test_identical,True,EXP07_MIX100
real_only_fold4_y_true_exists,True,/mnt/hdd16T/ToqeerHomeBackup/toqeer/Protechto-master/results/CNN/300ms/PROTECHTO_EXACT_EXPANDED42_20260926_170835/EXP01_REAL_ONLY/4/y_true.npy
physical_fold4_test_total,True,63129 vs 63129
physical_fold4_test_activity,True,60749
physical_fold4_test_falling,True,2380
EXP01_REAL_ONLY_fold4_y_true_exists,True,/mnt/hdd16T/ToqeerHomeBackup/toqeer/Protechto-master/results/CNN/300ms/PROTECHTO_EXACT_EXPANDED42_20260926_170835/EXP01_REAL_ONLY/4/y_true.npy
EXP01_REAL_ONLY_fold4_heldout_test_identical,True,EXP01_REAL_ONLY
EXP04_MIX20_fold4_y_true_exists,True,/mnt/hdd16T/ToqeerHomeBackup/toqeer/Protechto-master/results/CNN/300ms/PROTECHTO_EXACT_EXPANDED42_20260926_170835/EXP04_MIX20/4/y_true.npy
EXP04_MIX20_fold4_heldout_test_identical,True,EXP04_MIX20
EXP05_MIX50_fold4_y_true_exists,True,/mnt/hdd16T/ToqeerHomeBackup/toqeer/Protechto-master/results/CNN/300ms/PROTECHTO_EXACT_EXPANDED42_20260926_170835/EXP05_MIX50/4/y_true.npy
EXP05_MIX50_fold4_heldout_test_identical,True,EXP05_MIX50
EXP06_MIX70_fold4_y_true_exists,True,/mnt/hdd16T/ToqeerHomeBackup/toqeer/Protechto-master/results/CNN/300ms/PROTECHTO_EXACT_EXPANDED42_20260926_170835/EXP06_MIX70/4/y_true.npy
EXP06_MIX70_fold4_heldout_test_identical,True,EXP06_MIX70
EXP07_MIX100_fold4_y_true_exists,True,/mnt/hdd16T/ToqeerHomeBackup/toqeer/Protechto-master/results/CNN/300ms/PROTECHTO_EXACT_EXPANDED42_20260926_170835/EXP07_MIX100/4/y_true.npy
EXP07_MIX100_fold4_heldout_test_identical,True,EXP07_MIX100
real_only_fold5_y_true_exists,True,/mnt/hdd16T/ToqeerHomeBackup/toqeer/Protechto-master/results/CNN/300ms/PROTECHTO_EXACT_EXPANDED42_20260926_170835/EXP01_REAL_ONLY/5/y_true.npy
physical_fold5_test_total,True,285474 vs 285474
physical_fold5_test_activity,True,283379
physical_fold5_test_falling,True,2095
EXP01_REAL_ONLY_fold5_y_true_exists,True,/mnt/hdd16T/ToqeerHomeBackup/toqeer/Protechto-master/results/CNN/300ms/PROTECHTO_EXACT_EXPANDED42_20260926_170835/EXP01_REAL_ONLY/5/y_true.npy
EXP01_REAL_ONLY_fold5_heldout_test_identical,True,EXP01_REAL_ONLY
EXP04_MIX20_fold5_y_true_exists,True,/mnt/hdd16T/ToqeerHomeBackup/toqeer/Protechto-master/results/CNN/300ms/PROTECHTO_EXACT_EXPANDED42_20260926_170835/EXP04_MIX20/5/y_true.npy
EXP04_MIX20_fold5_heldout_test_identical,True,EXP04_MIX20
EXP05_MIX50_fold5_y_true_exists,True,/mnt/hdd16T/ToqeerHomeBackup/toqeer/Protechto-master/results/CNN/300ms/PROTECHTO_EXACT_EXPANDED42_20260926_170835/EXP05_MIX50/5/y_true.npy
EXP05_MIX50_fold5_heldout_test_identical,True,EXP05_MIX50
EXP06_MIX70_fold5_y_true_exists,True,/mnt/hdd16T/ToqeerHomeBackup/toqeer/Protechto-master/results/CNN/300ms/PROTECHTO_EXACT_EXPANDED42_20260926_170835/EXP06_MIX70/5/y_true.npy
EXP06_MIX70_fold5_heldout_test_identical,True,EXP06_MIX70
EXP07_MIX100_fold5_y_true_exists,True,/mnt/hdd16T/ToqeerHomeBackup/toqeer/Protechto-master/results/CNN/300ms/PROTECHTO_EXACT_EXPANDED42_20260926_170835/EXP07_MIX100/5/y_true.npy
EXP07_MIX100_fold5_heldout_test_identical,True,EXP07_MIX100
EXP04_MIX20_fold1_draw_manifest_exists,True,/mnt/hdd16T/ToqeerHomeBackup/mujoco_project/outputs/protechto_exact_full_campaign_expanded42_v2/synthetic_draw_manifests/EXP04_MIX20_fold1.csv
EXP04_MIX20_fold1_target_draw_count,True,1332 vs 1332
EXP04_MIX20_fold2_draw_manifest_exists,True,/mnt/hdd16T/ToqeerHomeBackup/mujoco_project/outputs/protechto_exact_full_campaign_expanded42_v2/synthetic_draw_manifests/EXP04_MIX20_fold2.csv
EXP04_MIX20_fold2_target_draw_count,True,1303 vs 1303
EXP04_MIX20_fold3_draw_manifest_exists,True,/mnt/hdd16T/ToqeerHomeBackup/mujoco_project/outputs/protechto_exact_full_campaign_expanded42_v2/synthetic_draw_manifests/EXP04_MIX20_fold3.csv
EXP04_MIX20_fold3_target_draw_count,True,1269 vs 1269
EXP04_MIX20_fold4_draw_manifest_exists,True,/mnt/hdd16T/ToqeerHomeBackup/mujoco_project/outputs/protechto_exact_full_campaign_expanded42_v2/synthetic_draw_manifests/EXP04_MIX20_fold4.csv
EXP04_MIX20_fold4_target_draw_count,True,1187 vs 1187
EXP04_MIX20_fold5_draw_manifest_exists,True,/mnt/hdd16T/ToqeerHomeBackup/mujoco_project/outputs/protechto_exact_full_campaign_expanded42_v2/synthetic_draw_manifests/EXP04_MIX20_fold5.csv
EXP04_MIX20_fold5_target_draw_count,True,1259 vs 1259
EXP05_MIX50_fold1_draw_manifest_exists,True,/mnt/hdd16T/ToqeerHomeBackup/mujoco_project/outputs/protechto_exact_full_campaign_expanded42_v2/synthetic_draw_manifests/EXP05_MIX50_fold1.csv
EXP05_MIX50_fold1_target_draw_count,True,3331 vs 3331
EXP05_MIX50_fold2_draw_manifest_exists,True,/mnt/hdd16T/ToqeerHomeBackup/mujoco_project/outputs/protechto_exact_full_campaign_expanded42_v2/synthetic_draw_manifests/EXP05_MIX50_fold2.csv
EXP05_MIX50_fold2_target_draw_count,True,3258 vs 3258
EXP05_MIX50_fold3_draw_manifest_exists,True,/mnt/hdd16T/ToqeerHomeBackup/mujoco_project/outputs/protechto_exact_full_campaign_expanded42_v2/synthetic_draw_manifests/EXP05_MIX50_fold3.csv
EXP05_MIX50_fold3_target_draw_count,True,3173 vs 3173
EXP05_MIX50_fold4_draw_manifest_exists,True,/mnt/hdd16T/ToqeerHomeBackup/mujoco_project/outputs/protechto_exact_full_campaign_expanded42_v2/synthetic_draw_manifests/EXP05_MIX50_fold4.csv
EXP05_MIX50_fold4_target_draw_count,True,2967 vs 2967
EXP05_MIX50_fold5_draw_manifest_exists,True,/mnt/hdd16T/ToqeerHomeBackup/mujoco_project/outputs/protechto_exact_full_campaign_expanded42_v2/synthetic_draw_manifests/EXP05_MIX50_fold5.csv
EXP05_MIX50_fold5_target_draw_count,True,3148 vs 3148
EXP06_MIX70_fold1_draw_manifest_exists,True,/mnt/hdd16T/ToqeerHomeBackup/mujoco_project/outputs/protechto_exact_full_campaign_expanded42_v2/synthetic_draw_manifests/EXP06_MIX70_fold1.csv
EXP06_MIX70_fold1_target_draw_count,True,4663 vs 4663
EXP06_MIX70_fold2_draw_manifest_exists,True,/mnt/hdd16T/ToqeerHomeBackup/mujoco_project/outputs/protechto_exact_full_campaign_expanded42_v2/synthetic_draw_manifests/EXP06_MIX70_fold2.csv
EXP06_MIX70_fold2_target_draw_count,True,4561 vs 4561
EXP06_MIX70_fold3_draw_manifest_exists,True,/mnt/hdd16T/ToqeerHomeBackup/mujoco_project/outputs/protechto_exact_full_campaign_expanded42_v2/synthetic_draw_manifests/EXP06_MIX70_fold3.csv
EXP06_MIX70_fold3_target_draw_count,True,4442 vs 4442
EXP06_MIX70_fold4_draw_manifest_exists,True,/mnt/hdd16T/ToqeerHomeBackup/mujoco_project/outputs/protechto_exact_full_campaign_expanded42_v2/synthetic_draw_manifests/EXP06_MIX70_fold4.csv
EXP06_MIX70_fold4_target_draw_count,True,4153 vs 4153
EXP06_MIX70_fold5_draw_manifest_exists,True,/mnt/hdd16T/ToqeerHomeBackup/mujoco_project/outputs/protechto_exact_full_campaign_expanded42_v2/synthetic_draw_manifests/EXP06_MIX70_fold5.csv
EXP06_MIX70_fold5_target_draw_count,True,4407 vs 4407
EXP07_MIX100_fold1_draw_manifest_exists,True,/mnt/hdd16T/ToqeerHomeBackup/mujoco_project/outputs/protechto_exact_full_campaign_expanded42_v2/synthetic_draw_manifests/EXP07_MIX100_fold1.csv
EXP07_MIX100_fold1_target_draw_count,True,6662 vs 6662
EXP07_MIX100_fold2_draw_manifest_exists,True,/mnt/hdd16T/ToqeerHomeBackup/mujoco_project/outputs/protechto_exact_full_campaign_expanded42_v2/synthetic_draw_manifests/EXP07_MIX100_fold2.csv
EXP07_MIX100_fold2_target_draw_count,True,6516 vs 6516
EXP07_MIX100_fold3_draw_manifest_exists,True,/mnt/hdd16T/ToqeerHomeBackup/mujoco_project/outputs/protechto_exact_full_campaign_expanded42_v2/synthetic_draw_manifests/EXP07_MIX100_fold3.csv
EXP07_MIX100_fold3_target_draw_count,True,6346 vs 6346
EXP07_MIX100_fold4_draw_manifest_exists,True,/mnt/hdd16T/ToqeerHomeBackup/mujoco_project/outputs/protechto_exact_full_campaign_expanded42_v2/synthetic_draw_manifests/EXP07_MIX100_fold4.csv
EXP07_MIX100_fold4_target_draw_count,True,5933 vs 5933
EXP07_MIX100_fold5_draw_manifest_exists,True,/mnt/hdd16T/ToqeerHomeBackup/mujoco_project/outputs/protechto_exact_full_campaign_expanded42_v2/synthetic_draw_manifests/EXP07_MIX100_fold5.csv
EXP07_MIX100_fold5_target_draw_count,True,6295 vs 6295
mixed_draws_are_falling_only,True,all mixed draw manifests
collector_artifact_POOLED_ALL_RESULTS.csv,True,/mnt/hdd16T/ToqeerHomeBackup/mujoco_project/outputs/protechto_exact_full_campaign_expanded42_v2/final_results_posthoc/POOLED_ALL_RESULTS.csv
collector_artifact_ALL_FOLD_METRICS.csv,True,/mnt/hdd16T/ToqeerHomeBackup/mujoco_project/outputs/protechto_exact_full_campaign_expanded42_v2/final_results_posthoc/ALL_FOLD_METRICS.csv
collector_artifact_FOLD_MEAN_STD.csv,True,/mnt/hdd16T/ToqeerHomeBackup/mujoco_project/outputs/protechto_exact_full_campaign_expanded42_v2/final_results_posthoc/FOLD_MEAN_STD.csv
pooled_contains_exactly_six_paper_conditions,True,"['EXP01_REAL_ONLY', 'EXP03_SIM_ONLY_FULL', 'EXP04_MIX20', 'EXP05_MIX50', 'EXP06_MIX70', 'EXP07_MIX100']"
exp02_absent_from_v2_results,True,"['EXP01_REAL_ONLY', 'EXP03_SIM_ONLY_FULL', 'EXP04_MIX20', 'EXP05_MIX50', 'EXP06_MIX70', 'EXP07_MIX100']"
one_real_only_segment_row,True,1
one_real_only_event_row,True,1
physical_pooled_segment_N_1297167,True,1297167
physical_pooled_segment_activity_support,True,1287361
physical_pooled_segment_fall_support,True,9806
physical_pooled_event_N_6325,True,6325
physical_pooled_event_activity_support,True,3396
physical_pooled_event_fall_support,True,2929
