condition,ratio_of_physical_train_falling,fold,physical_train_activity,physical_train_falling,physical_train_total,simulated_falling_draws,unique_simulated_falling_windows,repeated_draws,repeat_fraction,selected_trajectories,selected_profiles,selected_tasks,simulated_validation_windows,simulated_test_windows
EXP04_MIX20,0.2,1,588646,6662,595308,1332,1332,0,0.0,591,42,18,0,0
EXP04_MIX20,0.2,2,660284,6516,666800,1303,1303,0,0.0,591,42,18,0,0
EXP04_MIX20,0.2,3,578530,6346,584876,1269,1269,0,0.0,591,42,18,0,0
EXP04_MIX20,0.2,4,893222,5933,899155,1187,1187,0,0.0,591,42,18,0,0
EXP04_MIX20,0.2,5,517556,6295,523851,1259,1259,0,0.0,591,42,18,0,0
EXP05_MIX50,0.5,1,588646,6662,595308,3331,2476,855,0.2566796757730411,591,42,18,0,0
EXP05_MIX50,0.5,2,660284,6516,666800,3258,2476,782,0.240024554941682,591,42,18,0,0
EXP05_MIX50,0.5,3,578530,6346,584876,3173,2476,697,0.21966593129530412,591,42,18,0,0
EXP05_MIX50,0.5,4,893222,5933,899155,2967,2476,491,0.1654870239298955,591,42,18,0,0
EXP05_MIX50,0.5,5,517556,6295,523851,3148,2476,672,0.21346886912325286,591,42,18,0,0
EXP06_MIX70,0.7,1,588646,6662,595308,4663,2476,2187,0.4690113660733433,591,42,18,0,0
EXP06_MIX70,0.7,2,660284,6516,666800,4561,2476,2085,0.4571365928524446,591,42,18,0,0
EXP06_MIX70,0.7,3,578530,6346,584876,4442,2476,1966,0.4425934263845115,591,42,18,0,0
EXP06_MIX70,0.7,4,893222,5933,899155,4153,2476,1677,0.40380447869010355,591,42,18,0,0
EXP06_MIX70,0.7,5,517556,6295,523851,4407,2476,1931,0.438166553210801,591,42,18,0,0
EXP07_MIX100,1.0,1,588646,6662,595308,6662,2476,4186,0.6283398378865206,591,42,18,0,0
EXP07_MIX100,1.0,2,660284,6516,666800,6516,2476,4040,0.620012277470841,591,42,18,0,0
EXP07_MIX100,1.0,3,578530,6346,584876,6346,2476,3870,0.6098329656476521,591,42,18,0,0
EXP07_MIX100,1.0,4,893222,5933,899155,5933,2476,3457,0.5826731838867352,591,42,18,0,0
EXP07_MIX100,1.0,5,517556,6295,523851,6295,2476,3819,0.6066719618745036,591,42,18,0,0
